name,num,star,sug1,sug2,sug3
海神诺富特大酒店.海神宫中餐厅,3549418,四星商户,黑椒牛扒,玉簪虾仁,点心
孔乙己酒家(文庙店),500332,准五星商户,太雕鸡,茴香豆,梅干菜烧肉
东宫小院,131737639,该商户暂无星级,杨梅鲜虾球,竹网葱烤鲳鱼,桂花米酒
转角·上海老弄堂(淮海路店),19804519,准五星商户,八宝辣酱小年糕,我家红烧肉,红桂花酒酿圆子
新上海(日月光中心广场店),27421074,准五星商户,新上海红烧肉,白斩鸡,响油鳝糊
HOME'S私房菜,504464,准五星商户,特色红烧肉,特色本帮熏鱼,特色糯米红枣
南麓·浙里(外滩店),6874180,五星商户,金牌扣肉,虾爆鳝,腐皮黄鱼卷
新荣记(南京西路店),21035069,五星商户,黑松露鹅肝包,龙虾汤泡饭,黄金脆带鱼
光明邨大酒家(淮海中路总店),501002,准五星商户,鲜肉月饼,鸡汁小馄饨,特色酱鸭
荟宴融品(思南公馆店),1827012128,四星商户,酱烧鸽蛋佐江南红烧肉,江南创意口味鸡,荟宴海青虾
洞天食府,5591028,准五星商户,酱爆螺丝,清蒸白水鱼,蚌肉豆腐
乐忻皇朝(上海中心大厦店),77457970,准五星商户,特色皇朝小笼包（八色）,红油抄手,招牌原味小笼包
翠亭酒家,500940,准五星商户,竹网鲈鱼,腐乳汁草虾,鱼面筋
琵琶蛮·铜雀春深(虹桥天地店),97339174,准五星商户,九制话梅酱鸭,鸡丝凉面,奶酪枇杷酥
饭香上海菜(日月光中心广场店),123607425,准五星商户,饭香招牌片皮鸭,本帮糖醋排骨,本帮响油鳝丝
人和馆(肇嘉浜路店),17182037,五星商户,金牌红烧肉,本帮熏鱼,老上海酱爆猪肝
三玛璐酒楼,502910,准五星商户,铁板鲈鱼,上海小排,芥末虾仁
鹿园 MOOSE(长宁店),5995973,准五星商户,老北京烤鸭,公主的素蟹粉,文火焖小牛肉
外滩1288花园丽舍餐厅,14734803,五星商户,上海熏鱼,油爆河虾,黄油焗龙虾
沪里湘❤海鲜砂锅粥(徐家汇店),114899571,五星商户,招牌牛蛙,石锅香芋,一品汽锅鱼
瑞福园(茂名南路店),501411,准五星商户,大黄鱼棒打小馄饨,油爆虾,田螺塞肉
点水楼(北外滩店),114789315,准五星商户,椒盐猪蹄,南乳排骨,韩式泡菜豆腐锅
和平饭店龙凤厅,500245,五星商户,片皮鸭,水晶河虾仁,本帮鳝丝
江南里(环球港店),68948071,准五星商户,宋嫂鱼羹,江南花开,卤鸡爪
食庐(浦东嘉里城店),69521429,准五星商户,三文鱼牛油果龙虾塔,扬州狮子头,橙香火焰鸭
RIVIERA  松鹤楼(外滩店),4039048,准五星商户,松鼠桂鱼,茶艺河虾仁,响油鳝丝
新白鹿餐厅(第一百货店),8009245,准五星商户,蛋黄鸡翅,糖醋排骨,话梅花生
客缘·初見(龙盛店),130836652,准五星商户,八珍烤鸭,腌笃鲜小馄饨,黄山臭鳜鱼
客觀民间菜(秀沿路店),92974819,准五星商户,葱香荔浦芋头,八珍烤鸭,梅菜饼
70后·绍东家(大宁国际店),129738048,准五星商户,绍氏酥鱼,花雕竹林鸡,江南米糕
客觀民间菜(秀沿路店),92974819,准五星商户,葱香荔浦芋头,八珍烤鸭,梅菜饼
虫二酒肆(美罗城店),76735408,准五星商户,寿司糯米鸭,吮指鸡爪,公主素蟹粉
荣小馆(安达仕店),98210604,五星商户,蜜汁红薯,东海三鲜红烧,沙蒜豆面
淘小馆(莘庄龙之梦店),97281098,准五星商户,小萝莉脆筒色拉,松子脆牛肉,醉爱花雕鸡
荟宴融品(思南公馆店),1827012128,四星商户,酱烧鸽蛋佐江南红烧肉,江南创意口味鸡,荟宴海青虾
億爐,127217714,准五星商户,羊肉串,怪味茄子,手抓羊肉
南麓·浙里(巨鹿店),3341263,准五星商户,杭城油爆虾,蓝莓山药,招牌鸦片鱼头
江南里(巴黎春天店),113907182,五星商户,宋嫂鱼羹,杭椒石锅牛蛙,蛋黄鸡翅
客缘·初見(中星城店),111999839,准五星商户,八珍烤鸭,腌笃鲜小馄饨,石磨泉水豆腐
70后·绍东家(长宁龙之梦店),92673911,准五星商户,绍氏酥鱼,东家葱香芋头,梅干菜狮子头
忆家一宴(南丹东路总店),92752742,五星商户,鲍鱼煨猪手,忆家红烧肉,本帮鳝丝
夫人花园·千岛湖鱼头馆(碧江生活广场店),110779129,五星商户,招牌千岛湖鱼头汤,捞汁八爪鱼,千岛湖笋干煲
绿茶(南方商城店),126764622,准五星商户,绿茶烤鸡,面包诱惑,石锅豆腐
吉麓缘,122484236,五星商户,石锅鹿腩,刘伶醉虾,蒸鹿血
夏1999精致本帮菜,69231724,四星商户,响油鳝糊,金玉满堂,松茸马兰头
海宁煲(江川东路店),21593760,五星商户,海宁鸭掌煲,牛筋煲,海宁宴球煲
金时代顺风大酒店(松江飞航广场店),131776411,五星商户,顺风乳鸽,流沙包,水晶虾仁
黄记大闸蟹专卖店,2717353,五星商户,阳澄湖大闸蟹,黄记秘制醉蟹,大闸蟹
桂满陇-枕水江南(人民广场世茂店),120161294,准五星商户,吮指鸡爪,公主素蟹粉,东坡半边鸡
周舍·经典海派菜,130934277,准四星商户,周舍三虾狮子头,意大利黑醋脆鳝,经典佛跳墙
米桃-百花山房·桃花扇(爱琴海购物公园店),97253260,准五星商户,姑苏松鼠鲈鱼,燃烧吧！蜂窝煤,桃花坞酒酿桃胶
肥猫餐厅(松江店),14202740,准五星商户,铁板烤虾,肥猫烤翅,金华桶饼
醉东Oriental House(静安嘉里店),96517693,五星商户,脆皮肥肠,沙蒜豆面,土豆明太子
福1088,2313757,五星商户,老上海熏鱼,香溢红烧肉,芥末芝麻虾
夏1999精致本帮菜,69231724,四星商户,响油鳝糊,金玉满堂,松茸马兰头
妈妈家,22038150,准五星商户,椒盐排骨馄饨,脆皮小黄鱼,葱油捞鸡
70后·绍东家(滨江世茂52+店),121944487,五星商户,绍氏酥鱼,花雕竹林鸡,梅干菜狮子头
玫瑰厅上海菜(来福士广场店),90944162,准五星商户,上海麻球（蟹粉）,老上海核桃冰糕,响油鳝糊
夫人花园·千岛湖鱼头馆(久金广场店),122099077,五星商户,夫人花园千岛湖鱼头,千岛湖桂花糕,玉米慕斯
圆苑(兴国路店),500782,准五星商户,特色红烧肉,糯米红枣,金牌煮干丝
肥猫餐厅(松江万达店),126631046,准五星商户,红烧肉,招牌泰式柠檬鱼,销魂鸡爪
黛瓦宴(新业坊店),121937518,五星商户,台州盐卤豆腐,浓汤中华鲟龙筋,中华鲟鱼子酱脆皮饼
火靠·民间菜(田林路店),102177363,准五星商户,老北京烤鸭,山泉石磨豆腐,火焰掌焖鸡
枚青·红楼小宴(月亮湾店),113896072,准五星商户,临安桂花米酿,鲍鱼红烧肉,咸蛋黄南瓜
晶苑餐厅(淮海店),102142645,准五星商户,晶苑精品烤鸭,文火焖雪花牛肉,黑松露布袋野菌包
福1039,587030,五星商户,老上海熏鱼,招牌红烧肉,冰镇黄酒鸡
蘇小柳点心专门店(人民广场店),99058148,准五星商户,鲜肉小笼,晚粳米海鲜泡饭,大根蒜香骨
上海会馆(96广场店),5537819,准五星商户,老上海熏鱼,外婆红烧肉,黑胡椒牛肉粒
桂满陇-陌上花开(八佰伴店),77004673,准五星商户,吮指鸡爪,东坡肉,公主素蟹粉
临江宴,107827959,五星商户,姜汁甲鱼,红烧太湖鳗鱼,黑蒜牛舌
肥猫餐厅(巴黎春天店),59199486,准五星商户,石锅土豆肥牛,连骨都不剩的鸡爪,外婆红烧肉
毛豆阿姨酒家,76992457,准五星商户,银鳕鱼熏鱼,鸡汤馄饨,狮子头
晶焱上海菜,100944436,准五星商户,红烧肉,元宝虾,熏鲈鱼
琵琶蛮·咫尺姑苏(百联又一城店),67675491,准五星商户,九制话梅酱鸭,奶酪枇杷酥,妙音樱花米酒
金龄餐馆,65998263,准五星商户,银鱼炒蛋,白切鸡,白水鱼
琵琶蛮·咫尺姑苏(百联又一城店),67675491,准五星商户,九制话梅酱鸭,奶酪枇杷酥,妙音樱花米酒
忆家一宴(田林店),125339097,五星商户,鲍鱼猪手,牛仔粒,忆家红烧肉
随堂里,98868185,五星商户,麻辣青藤椒牛舌,宝塔东坡肉,茉莉花茶烟熏蒸鱼
桂满陇-桃花山庄(徐家汇店),18602068,准五星商户,吮指鸡爪,红糖麻糍,一桶奇味虾
米桃-吴韵风雅·曲园(南丰城店),110964474,五星商户,鸡汁宜兴笋干,姑苏松鼠鲈鱼,招牌无锡蟹粉小笼包
姜君·千岛湖鱼头馆(浦东大道店),106646803,五星商户,姜君千岛湖鱼头,野山蒜澳排,千岛湖桂花糕
玫瑰厅上海菜(兴国路店),130920925,五星商户,话梅排骨,南瓜小圆子,茭白炒鳝丝
金时代顺风港湾(兰生大厦店),19291562,五星商户,爆浆榴莲,顺风红烧肉,雪菜黄鱼馄饨
月湖萃(东安路店),131453366,五星商户,桂花熏鲳鱼,月湖春色绿豆糕,蟹粉炒虾仁
1943海派菜,130072659,五星商户,清炒河虾仁,酱蛋红烧肉,老烧鳝糊
金时代顺风大酒店(金山店),112005424,五星商户,顺风乳鸽,顺风臭豆腐,生煎包
逸道(外滩源店),93547183,五星商户,逸道慢煮雪花牛肉,二十年花雕蒸长江鲥鱼,江南红烧肉
顶雅阁,66755991,五星商户,现划响油鳝丝,上海熏鱼,清炒河虾仁
万厢,131049472,五星商户,万厢红烧肉,响油鳝丝,鹅肝
亦锅亦笼塔吉锅料理,91628215,准五星商户,番茄芝士雪花鱼塔吉锅,薄荷绿茶,椰香咖喱鸡塔吉锅
海味观,69311960,五星商户,黑松露烤鸡,茅台百草醉蟹,油煎松露馄饨
老兴鲜酒家,126108564,五星商户,老兴鲜全家福,初一锅巴,秘制熏东海小白鲳
桂满陇-锦绣江南(万象城店),95043216,准五星商户,吮指鸡爪,公主素蟹粉,石锅沃豆腐
御璟轩(金桥店),2435650,五星商户,清炒深海大虾仁,现拆蟹粉丝油条,招牌御璟轩红烧肉
圆苑·精品(徐家汇店),887301531,准五星商户,圆苑红烧肉拼酱蛋,冰沙红酒鹅肝,脆皮小乳鸭
绍东家·三味书屋(上滨店),131599492,准五星商户,绍氏酥鱼,花雕竹林鸡,东家青花椒鱼
韵秋荷(江桥万达店),123858189,准五星商户,秋荷烤鸭,桃之韵,姑苏米酒
月湖萃(东湖路店),96636091,准五星商户,桂花熏鲳鱼,桂花南瓜酒酿圆子,美国提子红烧肉
桂满陇·北纬三十度(世纪汇店),120058097,准五星商户,吮指鸡爪,石锅杭椒牛蛙,乾隆鱼头
樽宴,66837305,五星商户,长江特鲜,银雪鱼狮子头汤,自制酸奶
馨源楼,10346969,五星商户,石锅京葱银鳕鱼,瑞金核桃酥,浓汤黄鱼面
桂满陇·桃花院落(长泰广场店),67395674,准五星商户,吮指鸡爪,黄金蛋黄土豆丝,红糖麻糍
上海人家精作坊(高桥店),1920481,五星商户,红烧崇明羊肉煲,我家黄鱼春卷,黑椒牛仔骨
文餐厅 Y'S KITCHEN,122423347,准五星商户,鹅肝松露煲仔饭,茶醉蟹,凤城煎河鳗
尚海米道,132618185,四星商户,酥不腻果木烤鸭,鸡汁鲜虾野菜石榴包,荷香梅菜蛋黄狮子头
桂满陇-十里风荷(合生汇店),63058818,准五星商户,吮指鸡爪,东坡肉,石锅沃豆腐
G CLUB老鬼私房小厨,111750539,五星商户,特色脆皮熏黄鱼,荷香梅菜狮子头,果木烤鸭
南京大牌档(人民广场店),15123172,准五星商户,民国美龄粥,天王烤鸭包,古法糖芋苗
聪菜馆,25008703,准五星商户,虾酱茭白丝,荠菜馄饨,响油鳝丝
老丰阁品珍轩(古象店),2505034,五星商户,黑椒牛仔粒,元宝虾,会跳舞的茄子
爱玲EILEEN(环球金融中心店),21678721,五星商户,红酒鹅肝果,红烧肉糍饭糕,龙虾汤泡饭
漢舍中国菜馆(悦达889广场店),3531196,准五星商户,漢舍招牌果木烤鸭,现制熏鲳鱼,老上海葱油鸡
肥猫餐厅(嘉定新城万达店),112602081,准五星商户,连骨头都不剩的鸡爪,外婆红烧肉,石锅土豆肥牛
姜君·千岛湖鱼头馆(大宁店),98229663,准五星商户,姜君千岛湖鱼头,野山蒜澳排,千岛湖鱼头汤
圆苑(静安寺店),2697124,准五星商户,圆苑红烧肉,糯米红枣,金牌煮干丝
新荣记(BFC外滩金融中心店),102133464,五星商户,黄金脆带鱼,沙蒜烧豆面,脆皮乳鸽
江南里(仲盛世界商城店),112190301,准五星商户,宋嫂鱼羹,卤鸡爪,江南花开
御鲜坊(汝南街总店),114543526,五星商户,御厨红烧肉,黄鱼馄饨汤,黑椒番茄牛仔粒
和合小馆,112505859,五星商户,柚香油爆虾,桂花熏鱼,鳝丝麻散
和记小菜(控江店),98354272,准五星商户,招牌红烧肉,清炒河虾仁,招牌生煎包
和合小馆,112505859,五星商户,柚香油爆虾,桂花熏鱼,鳝丝麻散
阿纳迪酒店·源宴中餐厅,102524307,五星商户,脆皮乳鸽皇,秘制青虾,石锅烹牛仔骨
琵琶蛮·钟鼓馔玉(第一百货店),127227298,准五星商户,九制话梅酱鸭,鸡丝凉面,奶酪枇杷酥
御锦天(外滩六号店),32550361,五星商户,金恐龙蛋,清蒸长江白鱼,红烧牛肉
老丰阁品珍轩(古象店),2505034,五星商户,黑椒牛仔粒,元宝虾,会跳舞的茄子
仲亿食荟,98112691,准五星商户,椒盐排条,沙姜鸡,酒酿圆子
70后·绍东家(汉口路店),107987998,准五星商户,绍氏酥鱼,东家葱香芋头,梅干菜狮子头
金元甲鱼花胶猪肚鸡(金桥店),98749771,五星商户,双人花胶土鸡锅,红烧甲鱼,的纯鲜肉锅贴
老头儿油爆虾(爱琴海购物公园店),97243706,准五星商户,老头儿油爆河虾,干炸带鱼,桂花糖年糕
情怀小馆(定西路店),110450620,四星商户,翅汤干贝蟹籽馄饨,本帮五浇面,至尊豪华三人套餐
食荤者,131053378,五星商户,古法酥炸熏鲳鱼,葱烤鸭片鱼头,响油鳝丝夹饼
乡村大院,22873258,准五星商户,果木烤鸭,麻球,铁板基围虾
忆家一宴(文定路店),125305560,五星商户,鲍鱼煨猪手,熟醉大头虾,鹅肝
恰恰餐厅,131302807,五星商户,恰恰红烧肉,咸蛋黄排条,元宝虾
Uncle5(淮海路店),21802221,四星商户,Uncle招牌葱焖虾,Uncle风味鸡翅,酸辣土豆丝
金时代顺风大酒店(光大店),92755406,五星商户,脆皮乳鸽,香煎带鱼,本帮红烧肉
荟廷·晶萃(凯德晶萃店),113125360,五星商户,蟹粉捞饭,红酒泡沫牛仔粒,黑蒜糖醋里脊
人和馆(徐汇滨江店),77009703,准五星商户,本帮熏鱼,金牌红烧肉,老上海酱爆猪肝
新白鹿餐厅(悠迈生活广场店),101915466,准五星商户,蛋黄鸡翅,冰淇淋烤布雷,糖醋排骨
圆苑(金茂时尚生活中心店),77563221,准五星商户,招牌红烧肉,糯米红枣,圆苑明炉烤鸭
涵苑,91050993,五星商户,醉膏蟹,响油野生鳝丝,黄鱼馄饨汤
甬府小鲜(陆家嘴中心店),123076786,准五星商户,手工宁波汤圆,白蟹酱炒年糕,喷香芋艿羹
肥猫餐厅(青浦万达店),131563002,准五星商户,连骨头都不剩的鸡爪,外婆红烧肉,酱鸭
春在上海(长宁来福士店),130619332,准五星商户,黑豚肉蒸蟹,龙虾麻婆豆腐,白灼猪肝
一得仙宁波海鲜(滨江世茂店),121943876,五星商户,醉膏蟹,野生梅子鱼,椰汁小白兔
雲和面馆YUNHENOODLE(华山路店),97282572,准五星商户,蟹粉拌面,三虾面,黄鱼煨面
HOME'S飨宴,121531060,五星商户,鱼子酱酸奶,HOMES目鱼红烧肉,鸡油花雕蒸膏蟹
东方融宴,112061816,五星商户,精品烤鸭,鲍鱼红烧肉,脆皮乳鸽
桥水人家,92459852,准五星商户,土鸡蛋,特色白斩鸡,野生河鳗
圆苑(梅龙镇广场店),503509,四星商户,招牌红烧肉,红烧肉加蛋,糯米红枣
道道鲜崇明私房菜(周家嘴路店),5317514,准五星商户,崇明糕,白菜粉丝蛋饺,金瓜丝
金时代顺风新弘府,66246935,五星商户,干煎带鱼,烤乳鸽,葱油红膏蟹
德燊酒家,121936489,五星商户,蟹粉豆腐,现划响油鳝,口水鸡
和记小菜(控江店),98354272,准五星商户,招牌红烧肉,清炒河虾仁,招牌生煎包
上海小南国(张江店),17222108,四星商户,外婆红烧肉,老上海蟹粉豆腐,野生河虾仁
南京大牌档(中山公园龙之梦店),24338223,准五星商户,民国美龄粥,天王烤鸭包,招牌盐水鸭
客缘民间菜(兴梅路店),98747916,五星商户,八珍烤鸭,腌笃鲜小馄饨,黄山臭鳜鱼
上海滩餐厅(虹桥天地店),32338381,五星商户,文火焖小牛肉,精品烤鸭,乌金流沙包
桂满陇-西湖船宴(近铁城市广场店),27333622,准五星商户,吮指鸡爪,东坡肉,西湖酥醋鱼
70后饭吧(松江店),19642224,四星商户,上酱肥牛配土豆泥,千叶豆腐煲,糖醋里脊
游宴一品淮扬,67122945,准五星商户,狮子头,江南砂锅神仙鸡,扬州干丝
金时代顺风大酒店(818广场店),113962058,五星商户,顺风乳鸽,本帮红烧肉,臭豆腐
食庐(虹桥南丰城店),22179722,准五星商户,菜包狮子头（经典招牌）,牛油果龙虾沙律,淮扬软兜（经典招牌）
南京大牌档(联洋广场店),97993512,准五星商户,招牌盐水鸭,老牌阳春面,天王烤鸭包
东城故事·寻找姆妈的味道,23893627,四星商户,生煎包,山药骨髓肉,松子桂鱼
十二弄海派创意江南菜,113104730,准五星商户,脆皮原味手撕鸽,橙香牛肉粒,果香黑醋黄鱼卷
夫人花园·千岛湖鱼头馆(银亿滨江店),126290439,五星商户,招牌千岛湖鱼头汤,夫人花园千岛湖鱼头,千岛湖豆腐皮
鹿园 MOOSE(陆家嘴中心店),122885523,准五星商户,老北京烤鸭,橙味核桃大虾球,椒盐鸭架
蘇小柳点心专门店(世纪汇店),129750309,准五星商户,晚梗米海鲜泡饭,大根蒜香骨,鲜肉小笼
黛月·耕碾工坊,96066776,准五星商户,相爷鸡爪,临安桂花米酿,黄金鸡
赵氏荣华园(魔方社区店),122646632,准五星商户,天鹅榴莲酥,荣华园熏黄鱼,海南黄椒酱焗天目湖水库鱼头
道道鲜崇明私房菜(延安西路店),5644302,五星商户,白菜粉丝蛋饺,甜酒酿,红烧羊肉砂锅
和记小菜(新东亚店),565136,五星商户,清炒河虾仁,招牌生煎包,招牌红烧肉
黄鱼馆Jhouse(静安店),112220298,五星商户,招牌黄鱼面,脆皮妙龄鸽,家烧东海小海鲜
东城故事·寻找姆妈的味道,23893627,四星商户,生煎包,山药骨髓肉,松子桂鱼
老爸厨房(水清路店),66545994,准五星商户,老爸自制养生黑豆腐,黑胡椒牛肉粒炒年糕,响油鳝丝
渔水之家柴火菜饭,10021108,五星商户,清蒸白水鱼,古镇扎肉,酱爆螺丝
西郊5号·Maggie 5,2367274,五星商户,海参捞饭,5号精品牛排,中华炖式牛排
逸道(思南公馆店),124628269,五星商户,明月雪绒豆腐,招牌鱼头佛跳墙,慢煮雪花牛肉
讌·海派融合菜,127816792,五星商户,私房红烧肉,老上海熏鱼,油爆虾
枚青·红楼小宴(晶品店),120048431,准五星商户,临安桂花米酿,鲍鱼红烧肉,糖醋里脊
荷风细雨(世纪大道店),107480398,五星商户,膏蟹醉花螺,金牌普洱紅烧肉,西班牙火腿蒸野生白水魚
御鲜坊(汇暻生活广场店),130708090,五星商户,花雕鸡,黑椒番茄牛仔粒,御厨红烧肉
上海小南国(世纪汇店),123534186,准五星商户,外婆红烧肉,葱油拌面,龙井虾仁
享味,130780621,四星商户,冰镇18年黄酒醉龙虾,老上海经典油爆虾,榄菜四季豆
新荣记(南阳路店),4023775,五星商户,黄鱼,黄金脆带鱼,沙蒜烧豆面
甬府,18991088,五星商户,宁波汤圆,油渣芋艿羹,宁式十八斩
江越·绍东家(世茂人广店),112222170,准五星商户,绍氏酥鱼,花雕竹林鸡,葱香芋头
兴兴茶坊,104545162,五星商户,白斩鸡,农家烧千岛湖鳊鱼,咸蛋黄锅巴
月湖萃(大悦城店),70070254,准五星商户,桂花熏鲳鱼,绿豆糕,蟹粉炒虾仁
上海人家花樣年华(浦东百联世纪店),125072099,准五星商户,老上海响油鳝丝配饼,黑松露拇指生煎,老上海橙香蟹糊
和记小菜(九亭店),2962471,五星商户,招牌红烧肉,糖醋陈皮排骨,清炒河虾仁
世博江宴,110625747,五星商户,杨枝甘露,花雕酒蒸鲥鱼,长江虾
金时代顺风大酒店(协泰店),96108400,五星商户,脆皮乳鸽,本帮熏鱼,水晶虾仁
阿莉餐厅,507280,四星商户,玉米烙,酸菜鱼,阿莉红烧肉
肥猫餐厅(松江店),14202740,准五星商户,铁板烤虾,肥猫烤翅,金华桶饼
饭香上海菜(日月光中心广场店),123607425,准五星商户,饭香招牌片皮鸭,本帮糖醋排骨,本帮响油鳝丝
慧公馆MAISON DE L'HUI(洛克·外滩店),4506604,准五星商户,杏仁白玉,本帮特色熏鱼,招牌黄鱼面
春在(陆家嘴店),21294388,准五星商户,响油鳝糊,宁波醉蛏子,蟹粉豆腐
上海早晨(虹梅路店),114901521,五星商户,蟹粉天鹅蛋,招牌老上海熏鱼,黑豚肉酱炖青膏蟹
紫荆阁.鲁菜海鲜(东方路店),584207,准五星商户,上海油爆虾,油淋鸟贝,健康紫薯色拉
王宝和上海餐厅,501581,准五星商户,冰镇小龙虾,哈根达斯冰淇淋球,蟹粉小笼
南京大牌档(香港广场店),20720807,准五星商户,民国美龄粥,天王烤鸭包,南京盐水鸭
雍颐庭,8876721,准五星商户,大白兔奶糖冰激凌配糖糕,干邑红烧肉,花雕醉龙虾
味醒坊,129835930,五星商户,本帮熏鱼,醉膏蟹,神仙鸡
蘇小柳点心专门店(五角场店),90978738,准五星商户,晚粳米海鲜泡饭,清甜鲜虾马蹄小笼,香辣肉锅贴
浦江春晓(老码头店),8065606,准五星商户,特色长江鱼,葱炒野生江虾,铁板文蛤
米桃-百花山房·桃花扇(协信星光广场店),101816740,准五星商户,松鼠鲈鱼,招牌无锡蟹粉小笼包,鸡汁宜兴笋干
枚青·临安酒肆(徐家汇店),70587988,准五星商户,临安桂花米酿,黄金鸡,杭式年年糕
漢舍中国菜馆(丁香路店),2808400,准五星商户,漢舍招牌果木烤鸭,现制熏鲳鱼,老上海葱油鸡
嘉定公馆,63061513,五星商户,蒜茸蒸帝皇蟹,上海熏鱼,糖醋小排
上海总会SHANGHAICLUB(兴业太古汇店),90488288,准五星商户,北京地道烤鸭,核桃酱鸭方,酒香蒸鲥鱼配面盏
凯悦酒店·享悦中餐厅,123533480,五星商户,特色老北京果木烤鸭,上海熏鱼,黑椒蒜香安格斯牛肉粒
缘明土菜馆,58344091,五星商户,蒜香河鳗,白斩鸡,清蒸白鱼
晶苑餐厅(爱琴海购物公园店),97190831,准五星商户,晶苑烤鸭,文火焖雪花牛肉,黑松露布袋野生菌
老吉士酒家(天平路店),500702,准五星商户,吉士红烧肉,吉士咸鸡,心太软
锦绣江宴,51606300,五星商户,老上海熏鱼,石锅老豆腐,豌豆小面
新白鹿餐厅(张杨路店),17145949,准五星商户,蛋黄鸡翅,糖醋排骨,话梅花生
爷.上海喫客(大宁店),129677264,准五星商户,樱桃鹅肝,黄鱼春卷,酥皮土豆色拉
清水兰轩,3585112,五星商户,鱼翅捞饭,果木烤鸭,捞拌凤爪
金时代顺风港湾(爱琴海购物公园店),97304855,准五星商户,顺风乳鸽,红烧肉,响油鳝糊
隐石佳创意菜,113189865,准五星商户,浓汤炒米,秘制牛肉,江南盆栽
老爸厨房(七宝万科广场店),108286843,准五星商户,老爸自制养生黑豆腐,黑椒牛肉粒炒年糕,老爸自制色拉
九厢(虹桥店),92762595,五星商户,鹅肝,古法醉蟹,火山岩和牛
宝丽嘉酒店·嘉府壹号中餐厅,93326797,五星商户,北京果木烤鸭,温泉鹌鹑蛋红烧肉,鱼肚汤
逸谷会餐厅(静安嘉里中心店),8008401,准五星商户,招牌鱼头汤,芝士虾肉煎藕饼,姆妈糖醋肉排
绿杨邨酒家,93779684,准五星商户,金牌蔬菜包,蟹粉狮子头,扬州大煮干丝
润苑大酒楼,19409062,五星商户,本帮熏鱼,脆皮乳鸽,响油鳝丝
转角·尚品八涧(长寿路店),129866141,准五星商户,招牌肺头汤,本帮红烧两头乌,迷你黑松露生煎包
南京大牌档(百联又一城店),19277277,准五星商户,民国美龄粥,天王烤鸭包,招牌盐水鸭
南京大牌档(虹口龙之梦店),77562457,准五星商户,招牌盐水鸭,天王烤鸭包,民国美龄粥
蛇王王(五角场店),76897654,准五星商户,椒盐大王蛇,椒盐牛蛙,猪油拌饭
御沪沪味园(松花江路店),102431900,五星商户,越式牛仔粒,石锅芋艿,水晶鸡
新吉士酒家(置汇旭辉店),129809706,准五星商户,吉士红烧肉,响油鳝丝,葱烤鸦片鱼头
宏亮酒家(万源店),96284646,五星商户,酥不腻烤鸭,陈年花雕罐焖鸡,黄鱼烩群鲜
凯悦酒店·享悦中餐厅(环球港店),92747027,准五星商户,宫保明虾球,龙虾泡饭,石锅招牌银鳕鱼
餥餐厅(非常食材),21752365,准五星商户,阳春面,上海本帮熏鱼,野生山菌黑豆腐
晶采轩(虹桥路店),506665,五星商户,香醇鹅肝,清蒸东星斑,清炒河虾仁
圆苑(兴国路店),500782,准五星商户,特色红烧肉,糯米红枣,金牌煮干丝
丰和日丽(张江汇智店),130997703,准五星商户,老娘一手好牌,葱油膏蟹,大汤雪菜黄鱼馄饨
金时代顺风港湾(天钥桥路店),13784206,准五星商户,爆酱榴莲包,顺风乳鸽,本帮熏鱼
绿氧名厨(保利时光里店),96563515,准五星商户,绿氧福袋,野生虾酱拌面,鲜虾芒果脆筒（个）
北士大酒店中餐厅,2575588,准五星商户,清蒸小龙虾,红烧鳊鱼,臭豆腐
金时代顺风大酒店(宁国路店),21129800,准五星商户,脆皮乳鸽,顺风虾饺皇,老上海熏鱼
乡村大院,93433701,准五星商户,梅干菜饼,北京烤鸭,客家豆腐
暗恋桃花源(大宁国际店),125911799,准五星商户,飘香豆腐鱼,金屋藏娇,新镇店桃源红烧肉
金时代顺风大酒店(西郊百联店),98344749,准五星商户,脆皮乳鸽,顺风炝腰花,本帮熏鱼
HaoNoodle(世纪汇广场店),124150498,准五星商户,火锅牛肉面,招牌鸡汁锅贴,招牌乳鸽
虹桥壹号,8629576,五星商户,石锅海參,香煎带鱼,澳洲小牛肉
米桃 · 十里春风(维璟广场店),91608720,准五星商户,燃烧吧蜂窝煤,姑苏松鼠鲈鱼,销魂猪油菜饭
乐忻皇朝(陆家嘴中心店),122707343,准五星商户,特色皇朝小笼包（八色）,瑶柱芙蓉赛螃蟹,招牌原味小笼包
咏心·上海点心(静安大悦城店),114552081,准五星商户,现拆蟹粉小笼,招牌清汤鲜肉小笼,桂花山药酪
新白鹿餐厅(爱琴海购物公园店),97894035,准五星商户,蛋黄鸡翅,糖醋排骨,冰淇淋烤布雷
圆苑(静安寺店),2697124,准五星商户,圆苑红烧肉,糯米红枣,金牌煮干丝
锦园上海菜(人民广场店),92748644,准五星商户,泉水黄花鱼,古法油爆虾,葱油鸡
肥猫餐厅(南翔店),96325776,准五星商户,连骨头都不剩的鸡爪,招牌酱鸭,外婆红烧肉
甬府(龙柏店),93203474,五星商户,小龙虾,宁波汤圆,堂灼野生大黄鱼
牧羊餐厅,2041669,准五星商户,椒盐排条,茶树菇炒牛柳,松子鲈鱼
196行菜,67499671,准五星商户,腰蛤炝猪肝,响油鳝丝,干锅芋艿
润酱面馆功夫菜(陕西南路店),127831990,准五星商户,东海黄鱼煨面,炸猪排,本帮熏鱼
夏味馆,500947,准五星商户,糖醋小排,热爆熏鱼,哆来咪
乐忻皇朝(世纪汇店),110625187,准五星商户,特色皇朝小笼包（八色）,红油抄手,芝麻酱油麦菜
老爸厨房(南洋1931店),126152313,准五星商户,养生黑豆腐,黑椒牛肉粒炒年糕,老爸自制色拉
蔡记妈妈菜,129672126,准五星商户,烤鸭,龟苓膏,铁板香芋
星卤里 大师们的味道(曹路宝龙广场店),129967848,准五星商户,招牌星卤花胶鸡,招牌老上海酱鸭,酱卤三宝
上海人家精作坊(航站店),14184826,准五星商户,老上海熏鱼,我家红烧肉,我家黄鱼春卷
幸龙餐厅(报春路店),505326,准五星商户,香辣小龙虾,烤带子,十三香大龙虾
肥猫餐厅(嘉定宝龙店),67499870,准五星商户,连骨头都不剩的鸡爪,手工红糖麻糍,石锅土豆肥牛
金茂君悦·俱乐部 Club Jin Mao,503802,五星商户,水晶河虾仁,油爆虾,黑椒牛仔粒
圆苑浦江,6295252,准五星商户,鼎苑宫廷烤鸭,酒香蒸鲥鱼,功夫真菌汤
逸庐(古北店),16967298,准五星商户,煎煮狮子头,牛肉粒,熏鱼
金时代顺风大酒店(中环店),17785842,准五星商户,脆皮乳鸽,本帮熏鱼,爆浆榴莲
荷风细雨(碧云店),69681722,准五星商户,桂花熏鱼,雀舌蟹粉狮子头,铁观音豆浆煮鱼片
米桃•十里春风(特力时尚汇店),91974431,准五星商户,招牌无锡蟹粉小笼包,姑苏松鼠鲈鱼,鸡汁宜兴笋干
金时代顺风大酒店(莲花广场店),4548771,准五星商户,脆皮乳鸽,本帮熏鱼,黄鱼煨面
开心食堂,123686300,准五星商户,特色熏鱼,红烧河鳗,椒盐排骨
暗恋桃花源(七宝万科广场店),98007821,准五星商户,金屋藏娇,石锅豆腐鱼,新镇店桃源红烧肉
韵秋荷(龙湖天街店),113189023,准五星商户,荷香烤鸭,荷香狮子头,鼎炉红烧肉
上海卓越铂尔曼大酒店·蓝中餐厅,124460944,五星商户,腐乳鹅肝佐葱油饼,杨枝甘露伴椰子冰激凌,糟骨头农家肉饼蒸三门蟹
权茂上海菜,130890201,准五星商户,上海红烧肉,上海白斩鸡,本帮熏鱼
御·食珍 宫廷膳品,112042747,五星商户,樱桃鹅肝落地花生,诺顿云耳,香锅驴肉
漢舍中国菜馆(协信星光广场店),56583024,准五星商户,漢舍招牌果木烤鸭,老上海葱油鸡,鸭架泡饭
戎楽(东兰路店),112092887,准五星商户,鲜肉小笼,咸蛋黄小笼,小馄饨
食八档·小网海鲜(香港广场店),96510734,准五星商户,家烧九肚鱼,红糖麻糍,碧绿炒猪肝
天钥小馆(天钥桥路店),127221162,准五星商户,清远手撕鸡,糖醋里脊,干炸带鱼
老头儿油爆虾(凯德七宝店),102482082,准五星商户,干炸带鱼老头儿真传,油爆基围虾,老头儿油爆河虾
荣城酒家,18264604,准五星商户,龙虾泡饭,黄金流沙包,荣城一品煲
八爷上海菜·招牌肺头汤(昭化路店),104872886,准五星商户,八爷招牌肺头汤,鳝丝,油爆虾
老爸厨房(莘建东路店),22914250,五星商户,老爸自制色拉,黑椒牛肉粒炒年糕,炸猪排
漢舍中国菜馆(七宝万科广场店),72343104,准五星商户,漢舍招牌果木烤鸭,老上海葱油鸡,汉舍果木烤鸭
玲然庭,129077806,准五星商户,阿婆红烧肉,浦东白切鸡,熟醉蟹
绿雅酒家,579071,准五星商户,油爆虾,黄鱼小馄饨,特色鱼面筋
老爸厨房(中展璞荟店),97426691,准五星商户,老爸自制养身豆腐,黑胡椒牛肉粒炒年糕,老爸特色炒饭
宝燕海货工场·宁波菜海鲜加工(大宁店),76836809,准五星商户,椒盐虾菇,蒜蓉粉丝蒸小鲍鱼,芝士焗龙虾
香闺里(日月光中心广场店),98479729,准五星商户,鲍鱼花胶鸡锅,神仙花胶鸡,杏鲍菇
五星8号(张江店),120032675,准五星商户,小笼包,老上海熏鱼,葱油拌面
御璟轩(金虹桥国际中心店),67775427,准五星商户,pic金牌果香烤鸭,现拆蟹粉丝油条,招牌御璟轩红烧肉
悦轩,22383451,准五星商户,甜点,三文鱼,秋葵脆皮红酒鹅肝
二扁私房面馆(崂山路店),101940532,准五星商户,生爆牛肉丝拌川,片儿川,猪肝面
巨鹿春晓,98793703,准五星商户,长江刀鱼,活鲥鱼,老上海熏鱼
沪碟·摩登时代,111857260,准五星商户,不一样的芋艿,招牌水晶鸡,不将就仙骨鱼
踵香,4064431,准五星商户,脆皮蹄膀,桂花豌豆方,老上海熏鱼
乐忻皇朝(环贸iapm商场店),13784645,准五星商户,招牌原味小笼包,红油抄手,特色皇朝小笼包（八色）
淘小馆(君欣时代广场店),102030460,准五星商户,红柳枝炭烤肉,醉爱花雕鸡,咸蛋黄土豆条
南京大牌档(七宝宝龙城店),66984334,准五星商户,天王烤鸭包,老牌阳春面,民国美龄粥
靓灶小院(浦江店),90274867,准五星商户,北京烤鸭,烤羊肉串,靓灶罐焖鸡
宫饌,583887,四星商户,百花翡翠桂鱼卷,香煎藕饼,泰皇咖喱大虾
金时代顺风大酒店(四平路店),5115653,准五星商户,脆皮乳鸽,顺风虾饺皇,顺风臭豆腐
浙里(东育路店),124055477,准五星商户,海鲜小咖,葱油蛏子,搓椒脆皮黑猪粒
金时代顺风港湾(环球港店),12286682,准五星商户,爆浆榴莲,脆皮烤乳鸽,黄鱼煨面
菜之味,130338805,准五星商户,乳鸽,老妈红烧肉,上海生煎
怒江羊肉馆,130326750,四星商户,白切羊肉,红烧羊肉面,爆炒羊肚
锦庐,1917430,准五星商户,锦庐甜品,第三代龙虾三部曲,黄焖鱼翅
上海1号私藏菜(卢湾店),2786317,准五星商户,外婆红烧肉,油爆虾拼虾仁,火山石烧裙翅
聚鑫阁(七莘路店),97684945,准五星商户,石锅香芋,铁板蒜香虾,鱼头
新白鹿餐厅(百联西郊店),95910131,准五星商户,蛋黄鸡翅,糖醋排骨,冰淇淋烤布雷
乐忻皇朝汇(国金中心商场店),8959174,准五星商户,红油抄手,八色皇朝小笼包,瑶柱芙蓉赛螃蟹
衡山马勒别墅·中餐厅,501013,四星商户,马勒传统下午茶,鹅肝酱,红酒小牛排
真如羊肉馆,572415,四星商户,红烧羊肉面,白切羊肉,羊汤面
胖哥俩肉蟹煲(中山龙之梦店),90707796,准五星商户,招牌肉蟹煲,牛蛙煲,鸡翅煲
慧公馆MAISON DE L'HUI(思南公馆店),4506957,准五星商户,双人下午茶,黄鱼捞面,石烧极品雪花牛肉
名厨本帮馆,24781736,准五星商户,咸蛋黄排条,响油鳝丝,八宝辣酱
新大陆-中国厨房,2203207,准五星商户,北京烤鸭,石锅银鳕鱼,五粮液炒豆苗
逸谷会(兴国路店),2049181,准五星商户,山葵炸虾球,XO酱海皇豆腐,招牌熏鱼
四如春食府,507139,四星商户,锅贴,冷面,鲜肉月饼
丰和日丽(市百一店),102196319,准五星商户,老娘一手好牌,陈年花雕醉鸡,鲳鱼焖饭
五星8号(北蔡店),97261173,准五星商户,老上海熏鱼,澳门蜜制烧排,咸肉水笋
夫人花园·千岛湖鱼头馆(东鼎店),123693704,准五星商户,夫人花园千岛湖鱼头,千岛湖桂花糕,千岛湖鱼头汤
浦江小厨,122150080,准五星商户,浦江小黄鱼,招牌白斩鸡,椒盐排条
老头儿油爆虾(巴黎春天淮海店),76766756,准五星商户,杭州老头儿油爆虾河虾,干炸带鱼,桂花糖年糕
金时代顺风大酒店(川沙百联店),91025100,准五星商户,顺风乳鸽,虾饺皇,顺风臭豆腐
蘇小柳点心专门店(北蔡店),102071318,准五星商户,鲜肉小笼,大根蒜香骨,海鲜菜泡饭
蘭心餐厅(白玉兰购物中心店),126768551,四星商户,鳝丝,酱鸭,蟹味土鸡蛋
金时代顺风大酒店(吴中路店),6132529,准五星商户,顺风乳鸽,本帮熏鱼,顺风臭豆腐
福兴荟(King88广场店),97825393,准五星商户,淮安长鱼,扬州大煮干丝,十三香小龙虾
讌·海派融合菜,127816792,五星商户,私房红烧肉,老上海熏鱼,油爆虾
食庐(紫荆广场店),38155177,准五星商户,菜包狮子头（经典招牌）,淮扬软兜（经典招牌）,牛油果三文鱼龙虾沙律
老绍兴家味坊,130157431,准五星商户,老绍兴三黄鸡,桂花红烧肉,千岛湖砂锅鱼头
姜君·千岛湖鱼头馆(三林店),127137621,准五星商户,姜君千岛湖鱼头,玉米慕斯,艾草香米糕
中谷小南国花园酒店·食光隧道,8685658,准五星商户,老上海熏鱼,香酥小黄鱼,荠菜大馄饨
蘭心餐厅(陆家嘴中心店),122122069,准五星商户,兰心酱鸭,油爆河虾,响油鳝丝
THE er·得尔·中餐厅,104079245,准五星商户,澳洲和牛炒年糕,文火安格斯小牛肉,芥味油爆小河虾
金米箩大酒店(乍浦路店),19415701,准五星商户,菠萝色拉,黑椒牛菲粒,有馅酒酿圆子
靓灶小院(四平路店),21174343,准五星商户,北京烤鸭,蒜蓉粉丝虾,鹰嘴豆煨脆骨
蘇小柳点心专门店(徐家汇店),69514540,准五星商户,晚梗米海鲜泡饭,蘇小柳鲜肉小笼,蘇小柳白切鸡
饭香渔市,130349340,四星商户,饭香招牌片皮鸭,白切竹林散养鸡,特色本帮红烧肉
乐忻皇朝(芮欧百货店),94308070,准五星商户,特色皇朝小笼包（八色）,红油抄手,瑶柱芙蓉赛螃蟹
荷风细雨(虹桥店),98945137,准五星商户,金牌普洱红烧肉,酥不腻北京挂炉果木烤鸭,膏蟹醉花螺
长阳公馆(大宁店),114557560,准五星商户,鲥鱼,雪花牛仔粒,温炝腰蛤
香旮旯(三林店),43624451,准五星商户,烤鸭,咖喱皇炒蟹,清炒河虾仁
客官(爱琴海购物公园店),97793131,准五星商户,总统桂花拉糕,荷香烤鸡王,佛跳墙
老头儿油爆虾(百联中环购物广场店),92414747,准五星商户,杭州老头儿油爆虾河虾,干煎带鱼,酱鸭
夫人花园·千岛湖鱼头馆(中环百联店),130954509,准五星商户,夫人花园千岛湖鱼头,法式芝士山药,千岛湖豆腐皮砂锅
大宁948绿色私房菜,79628936,准五星商户,崇明土鸡两吃,响油鳝丝,不一样的大鱼头
庄行曹记羊肉(金平路店),113912261,准五星商户,热气羊肉,羊汤面,红烧羊肉锅小锅
锦园上海菜(进贤路店),73398116,准五星商户,酒香草头,田螺塞肉,响油鳝丝
东湖宾馆(东湖厅),38117862,准五星商户,本帮鳝糊,老上海熏鱼,酒酿圆子
金时代顺风大酒店(汇银广场店),6427885,准五星商户,脆皮乳鸽,本帮熏鱼,本帮红烧肉
HOME'S私房菜(淮海西路店),93470517,准五星商户,特色红烧肉,上等牛肉粒,黑鱼子酱烟熏蛋
云庐(陆家嘴店),6854819,五星商户,干煎东海带鱼,水晶蟹,沙蒜烧薯面
蘇小柳点心专门店(旭辉广场店),98940666,准五星商户,晚粳米海鲜泡饭,蘇小柳鲜肉小笼,大根蒜香骨
暗恋桃花源(中山公园龙之梦店),90586454,四星商户,金屋藏娇,飘香豆腐鱼,一桶美极虾
上海1号私藏菜(静安寺店),2497894,四星商户,老弄堂红烧肉,油爆虾拼虾仁,火山石烧裙翅
老头儿油爆虾(百联南方购物中心店),75692149,准五星商户,杭州老头儿油爆虾河虾,干煎带鱼,烫口石锅雪花鱼
小酒肆·老茶馆,96133575,准五星商户,桃花酿,石锅土豆腐煲,10年陈手工冬酿封缸花雕老酒（坛）
光明邨大酒家,22804671,准五星商户,响油鳝丝,鲜肉月饼,特色酱鸭
兰亭叙(涞亭南路店),22049552,准五星商户,上海熏鱼,臭鳜鱼,海鲜毛血旺
蘇小柳点心专门店(康桥店),65790862,准五星商户,晚粳米海鲜泡饭,现拆蟹粉小笼,白斩鸡
圆苑(徐汇日月光店),97461270,四星商户,圆苑红烧肉,脆皮小乳鸭,花雕蒸鲥鱼
小堂宴(虹莘路店),127754124,准五星商户,三姨太陈皮虾,外婆神仙鸡,鲍鱼捞饭
农家大灶台(牟平路店),43814502,四星商户,地锅鸡,剁椒皮蛋,正宗苏北散养土鸡
聚鑫阁(康桥店),129659565,准五星商户,石锅香芋,鹅肝酱捞粉丝,外婆红烧肉
苏浙汇(古北店),3255358,准五星商户,越式牛肉粒,招牌清蒸鲥鱼,熏鱼
70后·绍东家(周浦万达店),92854042,准五星商户,绍氏酥鱼,梅干菜狮子头,东家葱香芋头
晶会轩(龙柏店),92074062,五星商户,酥不腻精品烤鸭,香煎东海带鱼,龙虾泡饭
丰和日丽(上海中心大厦店),69952338,准五星商户,鲳鱼焖饭,老娘一手好牌,葱油膏蟹
蝶园(BFC外滩金融中心店),126620480,四星商户,红烧肉,手撕鸡,手剥河虾仁
远洋海皇旋转餐厅,127001544,四星商户,沙田脆皮鸽,海皇虾饺皇,深井烧鹅
廊亦舫酒楼(金桥店),580436,准五星商户,生煎包,松鼠桂鱼,烤鸭二吃煮汤
仪凤轩,98717123,准五星商户,油爆虾,大汤黄鱼煮干丝,鱼笃鲜
绣丽餐厅(张江店),17637124,准五星商户,手撕包菜,酸汤肥牛,葱烤石板牛仔骨
肥猫餐厅(江桥店),21738688,准五星商户,手工红糖麻糍,连骨头都不剩的鸡爪,傣味烤鸡
夏1999精致本帮菜,69231724,四星商户,响油鳝糊,金玉满堂,松茸马兰头
皇廷御宴,76660171,五星商户,清蒸鲥鱼配面盏,皇廷虾肉汤包,清炒手剥凤尾虾
雍福会,503472,四星商户,招牌油爆虾,枣泥酥,蟹粉鱼翅
乐忻皇朝(凯德晶萃店),113120398,准五星商户,特色皇朝小笼包（八色）,红油抄手,芝麻酱油麦菜
暗恋桃花源(打浦桥日月光店),67730950,四星商户,石锅豆腐鱼,金屋藏娇,桃花源红烧肉
海金滋(恒生银行大厦店),98907292,准五星商户,葱烤大排,蟹粉蛋,酱爆猪肝
小侑宴·花容月宴(东昌路店),130178159,准五星商户,果木烤鸭,菠萝咕噜肉,咸蛋黄牛蛙锅巴
海隆江浙菜(日月光店),103586382,准五星商户,黑叉烧,野山蒜鲜虾皇,咸卤姜蓉鸡
乐忻皇朝(万象城店),93975467,准五星商户,特色皇朝小笼包,红油抄手,芝麻酱油麦菜
蘭心餐厅(进贤路店),503165,四星商户,红烧肉,酱鸭,草头
汇富阁(无限极荟店),127596527,四星商户,红酒酿小圆子,橙香越式牛肉粒,黄鱼馄饨汤
步高里老上海弄堂菜,128494745,四星商户,草头圈子,毛蟹炒年糕,椒盐排条
金时代顺风大酒店(天虹商业广场店),77593798,准五星商户,脆皮乳鸽,顺风臭豆腐,本帮红烧肉
金时代顺风大酒店(金玉兰店),2449261,准五星商户,脆皮乳鸽,本帮红烧肉,剁椒蔊菜杆臭豆腐
和记小菜(七宝店),500242,准五星商户,清炒河虾仁,招牌生煎包,招牌水晶鸡
丰收鱼米乡(上滨店),131579845,准五星商户,安吉竹林鸡,红烧土猪肉,酒酿圆子
双塔老饭店,94309900,准五星商户,南翔小笼包,响油鳝丝,茨毛圆子
舌韵传菜,45437542,准五星商户,舌韵天麻鸡,响油鳝丝,话梅熟醉虾
扬子江万丽大酒店翠竹小馆,503208,准五星商户,黄鱼面,黑胡椒围虾煲,云吞
上只角餐室,102164081,四星商户,酒酿奶冻,响油鳝糊,老克勒土豆色拉
古井坊,69504727,准五星商户,拆骨咸菜黄鱼面,酱鸭面,鳝丝面
肥猫餐厅(新桥店),111602040,准五星商户,连骨头都不剩的鸡爪,外婆红烧肉,美人猪手
尧尧羊肉馆,3029089,四星商户,白切羊肉,羊肚,羊汤面
山笑本味浙东菜,107868079,准五星商户,鉴洋湖湿地老鸭炖饺子,现做手工豆腐皮,石臼现捣松花麻糍
懂经爷叔,73619695,四星商户,私房红烧肉配车厘子,本帮响油鳝丝,咸蛋黄油爆虾
上海1号私藏菜(黄浦店),3876475,四星商户,外婆红烧肉,老上海熏鱼,油爆虾拼虾仁
崇明小白羊面馆,2079145,准五星商户,白切羊肉,红烧羊肉锅仔,炒羊杂
汾阳花园酒店·餐厅(徐汇店),18978459,四星商户,双人下午茶,巧克力布朗尼,大吉岭午茶
荣府宴,57149799,五星商户,黄鱼,清炖仙居雪鳗,干煎带鱼拼熏鲳鱼
鲜菜坊(枫泾店),101917378,准五星商户,蒜香河鳗,河鲜面疙瘩,自酿米酒
丁香(汇智国际商业中心店),21746299,准五星商户,招牌香港脆皮鸡,元宝虾,招牌美人蛙
隐聚,104289103,准五星商户,笋干红烧肉,泾县黑芝麻臭干,炆火焖牛肉
望乡楼精膳坊(189弄购物中心店),75095687,准五星商户,黄鱼馄饨,越式牛肉粒,江南元宝虾
弄堂里(大融城店),107427542,四星商户,弄堂里的卤鸡爪,棒棒的蛋黄鸡翅,招牌麻糍
肥猫餐厅(青浦宝龙店),114843778,准五星商户,连骨头都不剩的鸡爪,石锅土豆肥牛,外婆红烧肉
食八档(第一百货店),97721202,四星商户,红糖麻糍,家烧九肚鱼,神仙居山水石锅豆腐
甬鲜阁宁波精菜坊,110832883,四星商户,宁波烤菜,咸蛋黄南瓜,鲜甬阁·甬味鸡
红馆海派餐厅,130517772,准五星商户,威灵顿鹅肝溏心鲍,主厨独创爆汁米鸭仔,蒜香黑椒和牛粒
金时代顺风大酒店(瑞虹店),5740715,准五星商户,脆皮乳鸽,本帮红烧肉,鲜虾韭菜饺
心乐蝶舞江景美食(梅赛德斯奔驰店),5139060,准五星商户,老上海熏鱼,招牌红烧肉,鹅肝
龙岛大酒店,2118307,准五星商户,烂糊面,油浸蚕豆,木桶河虾
大师家宴·新上海菜(汇兴庭店),95947569,准五星商户,鲍鱼烩猪手,茄子鳝丝,熏鱼
157食坊,18176958,准五星商户,响油鳝丝,舌尖油爆虾,上海熏鱼
和满堂(川沙旗舰店),126159437,准五星商户,肉皮汤,响油鳝丝,招牌热熏鱼
享江南臻品徽菜(大华店),18492880,准五星商户,享江南手工豆腐,黄山野生臭桂鱼,金丝饼
上海小南国(正大广场店),503176,四星商户,老上海蟹粉豆腐,清炒野生河虾仁,外婆红烧肉
蘇小柳点心专门店(合生汇店),99057998,四星商户,蘇小柳鲜肉小笼,晚粳米海鲜泡饭,蘇小柳白切鸡
金时代顺风大酒店(第一八佰伴店),5317141,四星商户,脆皮乳鸽,澳带鲜虾饺,顺风黄鱼煨面
新白鹿餐厅(百联南桥店),128342295,四星商户,冰淇淋烤布雷,蛋黄鸡翅,糖醋排骨
启韵公馆(德丰路店),17144787,准五星商户,泰式咖喱虾,红烧肉,老上海熏鱼
南小馆(正大广场店),110266109,四星商户,手指小笼生煎,黑松露鲜肉小笼汤包,鸡汁鲜肉小笼包
老吉士酒家(兴业太古汇店),93540825,四星商户,吉士红烧肉,葱烤雅片鱼头,油爆虾
品修楼,94015523,准五星商户,脆皮芦花鸡,品修方糕,东星斑酸菜鱼
光明村配餐分公司,13878100,准五星商户,鲜肉月饼,酱鸭膀,干煎黄鱼
梅园春晓·精致上海菜(大悦城店),45831308,四星商户,牛油果油条虾,话梅仔排,特色酸菜鱼
国际饭店,2393404,四星商户,糟溜鱼片,烤鸭,原味蝴蝶酥
肥猫餐厅(九亭U天地店),75689332,准五星商户,外婆红烧肉,连骨头都不剩的鸡爪,红糖麻糍
稳得福107中餐厅(秀沿路店),8697236,准五星商户,宫保鸡丁,秘制大排,三杯雞
嘉庭老上海味道(大融城店),110669960,准五星商户,西湖牛肉羹,老上海色拉,熟醉蟹
外婆家(静安大悦城店),127997443,四星商户,麻婆豆腐,外婆茶香鸡,外婆红烧肉
暮光森林(南汇店),130472777,四星商户,暮光沸腾鱼,樱桃鹅肝,火龙果牛仔粒
香满炉枣木烤鸭(爱琴海购物公园店),97220773,准五星商户,香满炉枣木烤鸭,老上海葱油开洋拌面,巧手杏仁奶豆腐
廊亦舫酒楼(张江纳贤路店),98545571,准五星商户,松鼠桂鱼,北京烤鸭两吃,熏鱼
盘湾方舟,504983,准五星商户,真菌泡饭,捞拌凤爪,烤银鳕鱼
苏浙总会(国金中心店),4277498,四星商户,黑松露鹅肝包生菜,天麻鱼唇拆烩鱼头,糖醋仔排骨
云庐(静安寺店),2958343,准五星商户,白带鱼,清蒸东星斑,松茸功夫汤
金时代顺风大酒店(长寿路店),504885,四星商户,法式蜗牛,顺风臭豆腐,东北大拉皮
上海人家花樣年华(万象城店),93771549,准五星商户,拇指虾仁生煎,本帮熏鱼,老上海手剥河虾仁
暗恋桃花源(金桥国际店),98007916,四星商户,金屋藏娇,飘香鱼豆腐,新镇店桃源红烧肉
熠盛料理,18297469,准五星商户,油煎馄饨,虾酱空心菜,毛蟹年糕
新南华大酒店(江湾店),66476753,四星商户,脆皮乳鸽,熏鱼,招牌牛排
汤记传菜(沿南村旗舰店),17884757,准五星商户,水晶鸡,牛肉火锅,红烧肉
苏浙汇(茂名南路店),500505,四星商户,清蒸鲥鱼配面盏,越式牛肉粒,招牌苏浙樟茶鸭
里弄里The Alley,102201569,准五星商户,妙香焗蟹斗,糖醋大黄鱼,荷香少爷鸡
李记羊肉(民宿店),110948768,四星商户,羊肉,羊血羊杂汤,大灶菜饭
喜月小厨(绿地缤纷广场店),103576960,准五星商户,招牌红烧肉,蚝皇干焗蛙腿,青花椒黄金豆桂鱼
海上铂悦餐厅,94260480,准五星商户,椒麻油淋波斯顿龙虾,双味酱牛肉,红糖麻糍
金米箩大酒店(五角场店),506959,准五星商户,菠萝色拉,特色水晶鸡,鲍鱼炒年糕
花厢沈家院子(崇明店),124133735,准五星商户,花厢鱼头皇,宫廷稻香肉,特色素馄饨
张小馆,65325613,准五星商户,响油现划鳝丝,捞汁水云丝,草头圈子
雅科本帮江浙菜(大光明店),2972056,准五星商户,浦江第一排,xo酱杏鲍菇,元宝虾
金时代顺风大酒店(第一百货店),2815780,四星商户,脆皮乳鸽,肉莫蒸臭豆腐,法式蜗牛
正院上海公馆(1885广场店),3671017,准五星商户,果木熏烤牛肉,雪花牛肉麻婆豆腐,清汤海参
星卤里 大师们的味道馆(商城路店),93000923,准五星商户,招牌星卤花胶鸡,星卤三兄弟,招牌辣卤猪手
瑞丰精膳坊(大宁中心广场店),96054640,准五星商户,招牌红烧肉,石锅芋艿,芥味牡丹虾球
金时代顺风港湾(泰兴路店),5580354,准五星商户,本帮熏鱼,顺风红烧肉,顺风臭豆腐
安麓全日餐厅,79264639,准五星商户,鹅肝牛肉,鳝丝面,古镇河鲜面疙瘩
蘇小柳点心专门店(美兰湖店),123599888,准五星商户,晚粳米海鲜泡饭,蘇小柳鲜肉小笼,蒜香排骨
望乡楼精膳坊(日月光中心店),5232771,准五星商户,越式牛肉粒,老上海熏鱼,铁板财神豆腐
竹筷子茸城小菜,123081608,准五星商户,酸汤肥牛,狮子头,椒盐排条
泓叶·精菜坊(东方万国店),107552214,准五星商户,本帮熏鱼,红烧肉,响油鳝丝
兴安餐厅,1916314,四星商户,牛肉爬草头,咸蛋黄排条,椒盐排条
福兴荟(人民广场店),58077566,准五星商户,韭菜膳丝,十三香小龙虾,冰镇龙虾
蘇小柳点心专门店(静安寺店),90590757,四星商户,晚梗米海鲜泡饭,招牌小笼,苏小柳鲜肉锅贴
弄堂咪道(钦州北路店),97546701,准五星商户,油条,咸豆花,弄堂小馄饨
上海老站(徐家汇店),500680,四星商户,上海熏鱼,蟹粉豆腐,清炒河虾仁
蓝轩餐厅,2099410,准五星商户,冰球跳跳虾,黄桃白斩鸡,糖醋小排
小实惠(威海路店),565232,四星商户,香油鳝丝,特色排骨,酒香草头
一得仙宁波海鲜(崂山路店),501954,四星商户,特色海瓜子,招牌黄鱼年糕汤,本帮炒螺蛳
楠山有渔·台州海鲜,97527529,准五星商户,红糖麻糍,海鲜拼盘,三文鱼刺身
丰和日丽(创智天地店),58617981,准五星商户,老娘一手好牌,鲳鱼焖饭,葱油膏蟹
和记小菜(百联东郊店),6586451,准五星商户,黑椒牛肉粒,清炒河虾仁,生焗铁板蒜香虾
丰和日丽(四川北路店),127174865,准五星商户,葱油膏蟹,咸蛋黄鸡翅,状元楼苔菜小方烤
小侑宴·江南船宴(长清路店),104878145,四星商户,北京烤鸭,招牌片皮鸭,咸蛋黄牛蛙锅巴
桃花坞·江南,132814347,准五星商户,京城片皮鸭,烧汁茶树鲜贝,金汤美蛙鳝
老洋房花园饭店,502648,四星商户,老洋房熏鱼,糖醋小排,极品牛肉
老人和饭店(淮海中路店),18186388,四星商户,糟鸡,糟熘鱼片,清炒现划鳝丝
老吉士酒家(浦东丁香店),69729962,四星商户,吉士红烧肉,葱烤鸦片鱼头,蟹膏拌饭
金时代顺风港湾(南京东路店),13782490,准五星商户,爆酱榴莲包,脆皮烤乳鸽,顺风虾饺皇
暗恋桃花源(三林印象城店),122440961,四星商户,飘香豆腐鱼,金屋藏娇,新镇店桃源红烧肉
粤麓轩餐厅(中信泰富广场店),67661750,准五星商户,特色黑椒牛仔粒,老上海核桃冰糕,招牌BB鸭
馨厨香(菏泽店),68987960,准五星商户,蟹仔粉丝,一品香芋煲,创意酒酿圆子
上海会馆(高岛屋店),8087716,准五星商户,招牌牛肉粒,古法熏鱼,红精制红烧肉
乐藏隐融合菜,101897808,准五星商户,本帮熏鱼,咸肉鱼饼蒸膏蟹,清炖狮子头
小胖哥妈妈菜(乐颂坊精致生活广场店),98591830,准五星商户,串烤牛蛙,特色豆皮黄金卷,干锅排骨虾
新白鹿餐厅(百联中环店),23337997,四星商户,蛋黄鸡翅,糖醋排骨,话梅花生
小堂宴(虹桥天地店),127777155,四星商户,外婆神仙鸡,抹茶白玉,古法十三香小龙虾
苏浙汇(大连路店),503720,四星商户,越式牛柳粒,清蒸鲥鱼配面盏,清炒高邮河虾仁
Twelve Hengshan 衡山拾贰中餐厅,6161300,四星商户,泰柚西米杨枝甘露,传统虾饺皇,避风塘九肚鱼
紫阳花园大酒楼,69649951,准五星商户,片皮鸭,酱烧排骨,鱼头汤
金芬食府,1887970,准五星商户,上海油爆虾,油酱毛蟹年糕,酱爆猪肝
上海老饭店,500349,四星商户,八宝鸭,老上海油爆虾,腐乳肉草头圈子
和记小菜(大宁店),5383171,四星商户,清炒河虾仁,招牌生煎包,上海熏鱼
溪林小馆(颛桥万达店),97080510,准五星商户,蒜香粉丝凤尾虾,驰名花雕鸡,老法葱油拌面配黑叉烧
品悦中餐厅,17979414,准五星商户,黑毛猪煨鲜鲍,农家酿茄子,菜饭
和记小菜(龙茗路店),27248119,准五星商户,清炒河虾仁,招牌生煎包,上海熏鱼
梦雅,2781505,准五星商户,茶叶虾,特色五香熏鱼,本帮鳝丝
肥猫餐厅(乐颂坊精致生活广场店),66244526,准五星商户,连骨都不剩的鸡爪,石锅土豆肥牛,外婆红烧肉
新诚嘉酒楼,1952176,准五星商户,北京烤鸭,本帮熏鱼,越式牛仔粒
罗阳人家,2369023,准五星商户,响油鳝丝,玉米烙,红烧鳗鱼
70后饭吧(长宁龙之梦店),22708171,四星商户,上酱肥牛配土豆泥,千叶豆腐煲,70椒麻鸡
茂荪馆,18766328,准五星商户,野生白水鱼,蚌肉豆腐,野生河鳗
金锚传菜(田尚坊商业中心店),24741119,准五星商户,金牌花雕鸡,特色熏鱼,苔条小黄鱼
丰收日(商城路店),500191,准五星商户,葱油海瓜子,水晶虾仁,椒盐龙头烤
是荷·本帮融合餐厅(新场古镇店),69745762,四星商户,杏鲍菇牛仔粒,黄金虾球,会跳舞的钢管鸡
夜上海,500741,四星商户,鲜肉小笼包,花雕醉鸡,蟹粉酿蟹盖
天鹅宫一站式宝宝宴派对(安徒生店),73504761,四星商户,满月酒,宴会套餐1,宴会套餐4
珍后饭馆,3260524,准五星商户,咸蛋黄鸡翅,酒香草头,腐乳空心菜
锦江汤臣洲际大酒店东方食苑,503213,五星商户,香露明虾球,牛肉粒,蛋挞
馨厨香(五莲路店),129909689,四星商户,老北京挂炉烤鸭,创意酒酿圆子,一品香芋煲
绿杨邨酒家,3154822,四星商户,素菜包,狮子头,大煮干丝
食范,92744714,准五星商户,东北大拉皮,素鲍,百水鱼
外婆家(龙之梦购物中心店),4600767,四星商户,外婆红烧肉,茶香鸡,外婆炖豆腐
后宫,101973366,四星商户,蚝皇焗美蛙,黑松露焗虾仁,秘制红烧肉
品悦酒店(三林古镇店),5204492,准五星商户,琵琶鸭,上海油爆虾,炭烤和田牛排
梁伯伯海派小馆,57518237,准五星商户,招牌桂花红烧肉,梁伯伯熏鱼,海派蒸银鳕鱼
食八档·小网海鲜(莲花国际广场店),57960752,四星商户,红糖麻糍,神仙居山水石锅豆腐,家烧九肚鱼
新发现(宝山龙湖店),97667347,四星商户,跳舞鸡,蛋黄鸡翅,下次还想吃的豉油虾
客官(静安大融城店),107368296,四星商户,荷塘月色,总统桂花拉糕,荷香脆皮鸡
光明邨大酒家,110531894,四星商户,鲜肉月饼,小馄饨,本帮酱鸭
金时代顺风大酒店(闸北店),2381947,四星商户,脆皮乳鸽,清炒河虾仁,东北大拉皮
梅龙镇酒家,500417,四星商户,清炒虾仁,生爆鳝背,松鼠桂鱼
上海人家花樣年华(虹口龙之梦店),66403447,四星商户,老上海糖醋排骨,老上海熏鱼,老上海响油鳝丝
上海小南国(国会店),2758972,四星商户,清炒野生河虾仁,老上海蟹粉豆腐,清蒸鲥鱼
Lc融合荟·夜宵·小海鲜,130662845,准五星商户,冰镇美人虾,十三风华虾,蒜泥清品虾
上海老站(浦东店),69777025,准五星商户,秘制老站熏鱼,烤鸭,大红袍红烧肉
海金滋(陕西南路店),2107483,四星商户,葱烤大排,蟹粉蛋,酒香草头
东方明珠老上海8号餐厅,2005330,四星商户,特色葱油鸡,本帮红烧肉,水晶虾仁
湯一膳·中国餐厅,112147753,准四星商户,醉膏蟹,金丝蜜枣焖江鳗,响油鳝糊
南伶酒家,500982,四星商户,南伶烤鸭,蟹粉狮子头,葱油鸡
申宴酒楼(番禺路店),2933659,准五星商户,上海本帮红烧肉,红豆沙酒酿圆子,古法现炸熏鱼
阿明小菜(梅陇店),67482605,四星商户,八爪鱼年糕,阿明拌菜,阿明招牌白切鸡
丰和日丽(来福士广场店),90953185,四星商户,葱油膏蟹,秘制橙香雪花牛小排,鲳鱼焖饭
江芝南大酒楼,6244421,四星商户,本帮熏鱼,老上海熏鱼,红烧肉
庭满塘(亿丰时代广场店),112014808,四星商户,美极元宝虾,海鲜面疙瘩,海鲜拼盘
田月餐厅,91036101,准五星商户,手工冰糕,红烧肉,老上海熏鱼
弘兴餐厅(鲁班店),67752468,四星商户,肉包,菜包,小笼包
张生记(丁香国际店),77471178,四星商户,老鸭煲,招牌笋干老鸭煲,招牌文火小牛肉
文香岚,121716957,准五星商户,鱼香肉丝,香芋焖老鹅,糖醋排条
思南汇酒楼,24822804,准五星商户,熏鱼,蟹斗,桂花鱼
建国328小馆,6100520,四星商户,开洋葱油拌面,酱爆猪肝,糯米红枣（心太软）
溪林小馆(三林店),21158338,四星商户,椒盐猪手,本帮油爆虾,迷你手打狮子头
皇轶庭,57547346,准五星商户,太极双味虾,外婆红烧肉,酒酿圆子
悦·中餐厅,14191970,准五星商户,杨枝甘露,黑椒 牛肉,宫保虾球
品臻私房料理,127151667,准五星商户,品臻红烧肉,清炒野生河虾仁,金汤褔寿鱼
振鼎鸡,130779952,四星商户,振鼎鸡,鸡汁拌面,鸡鸭血汤
兰亭餐厅,92975744,四星商户,鸡骨酱,椒盐排条,腐乳空心菜
丰收鱼米乡(中环百联店),110720169,四星商户,金华梅干菜饼,京华烤鸭,安吉竹林鸡
沪碟大酒店,95431933,准五星商户,石锅芋艿,招牌水晶鸡,生态笋红烧肉
外婆家(百联又一城店),8076251,四星商户,外婆红烧肉,外婆茶香鸡,外婆炖豆腐
蘭心餐厅(长宁店),96709688,四星商户,油爆河虾,蘭心酱鸭,葱烤大排
金牌外婆家(万象城店),93975464,四星商户,糖醋里嵴,杭州酥鱼,钵钵菜心
邻里厨房,3453457,准五星商户,菠萝油条,响油鳝丝,特色蟹饭
门半掩饭店·临河本地人饭店,94010302,准五星商户,藕夹,白斩鸡,清蒸白水鱼
谷谷鸡象山海鲜城(凉城店),18721633,准五星商户,象山特色海鲜泡饭,深井烧鹅,椒盐龙头烤
利鸿私宴,506686,准五星商户,咸蛋黄排条,年糕色拉,醉虾
蘇小柳点心(顾村公园店),96715844,四星商户,晚粳米海鲜泡饭,金奖鲜肉小笼,蘇小柳白切鸡
弄堂里(龙之梦长宁店),20698808,四星商户,弄堂里的卤鸡爪,糖煎麻糍,梭子蟹炒年糕
忆家宴,129713498,四星商户,红烧肉卤蛋,老北京烤鸭,糖藕
晶苑餐厅(金汇路店),20930088,准五星商户,文火雪花牛肉,香煎带鱼,招牌石锅豆腐
老丰阁1992,101160893,四星商户,招牌葱油鸡,黑椒鳝丝煲,银鳕鱼秋葵酥
沪碟小馆(隆昌路店),22986587,准五星商户,石锅芋艿,水晶鸡,老坛红烧肉
阡陌云间,27306180,四星商户,牛肉粒,红烧肉,菜饼
廊亦舫酒楼(张江翡翠公园店),92053351,准五星商户,蜜汁叉烧,本帮熏鱼,松鼠桂鱼
保罗酒楼,500063,四星商户,瑞士牛排,油条海鲜卷,保罗特色生煎
悦小馆(协信广场店),56582942,准五星商户,舌尖上的一把手,金牌手撕三黄鸡,大白桂花糕
是荷餐厅(经典本帮 传承百年),130933268,准五星商户,佛跳墙,野生响油鳝丝,镇店河虾
楷承肉皮汤,112024601,四星商户,肉皮汤,农家散养鸡,红烧鳝丝
牧孜里餐厅·酒馆,111969794,准五星商户,牧孜里烤羊排,石锅豆腐鱼,牧孜里炭烤羊腿
老好人象山海鲜(通河路店),67648235,准五星商户,黑椒澳洲烧排,白切香妃鸡,老北京果木烤鸭
南小馆(迪士尼小镇店),66853486,四星商户,特色葱油拌面,奔跑的猪排,黄袍滑蛋大虾饭
松南饭店,2562889,四星商户,白切肚片,椒盐排条,白切鸡
成事园(灵石路店),94293706,四星商户,越式牛肉,石锅香芋,生煎包
邵東家(金桥文峰广场店),93784511,四星商户,邵東家烤肉,蛋黄局鸡翅,一桶奇味虾
麦盛莉(宝山共江店),2790691,准五星商户,桂花酒酿小圆子,桂花红烧肉,清炒河虾仁
苏浙汇(南京西路店),2414827,四星商户,越式牛肉粒,清蒸鲥鱼配面盏,素鲍鱼
Uncle5(淮海路店),21802221,四星商户,Uncle招牌葱焖虾,Uncle风味鸡翅,酸辣土豆丝
五星8号(唐镇店),132147589,准五星商户,老上海熏鱼,妈妈色拉,虫草花炖土鸡汤
沪碟精菜坊(新源路店),13873901,准五星商户,石锅芋艿,生态笋红烧肉,招牌琵琶鸭
荣兴酒家(传奇广场店),41691681,准五星商户,沸腾飘香黑鱼,干锅蛙兵虾将,干捞粉丝大虾
和记小菜(金玉兰店),2329456,四星商户,清炒河虾仁,招牌生煎包,招牌红烧肉
樟艾居,5486714,准五星商户,石锅辽参,野生桂鱼,红烧肉
章吴记(龙湖虹桥天街店),70089612,四星商户,芝士南瓜,吴山烤鸡,糖醋里脊
浠乡记,105282215,四星商户,凉拌毛豆,蜀香毛血旺,鱼丸
南汇书院荣华农家乐,17191850,准五星商户,白斩鸡,炒螺丝,清蒸梅子鱼
韶梦酒店,97775569,准五星商户,佛跳墙,记忆中的麻球,酒酿小丸子
状元楼饭店,5260902,准五星商户,油爆河虾,响油鳝丝,清蒸白丝鱼
蛇王王(浦东佳林店),104916819,准五星商户,椒盐大王蛇,猪油拌饭,凉拌大王蛇皮
弄堂里(颛桥万达店),97934791,四星商户,弄堂里的卤鸡爪,招牌麻糍,棒棒的蛋黄鸡翅
金盛源品宴,130111951,四星商户,宫爆大虾石斑鱼球,金沙酿藕饼,鲍汁煨猪手
碧丽宫私房小菜(金桥店),110865335,准五星商户,千岛湖鱼头汤,芒果布丁,秘制花甲
苏浙汇(虹桥机场T2店),21271500,四星商户,黑胡椒炒芦笋,葱油拌面,牛肉粒
靓灶小院(东鼎店),45827580,准五星商户,北京烤鸭,烧烤羊肉串,古法罐焖鸡
苏浙汇(港汇店),4721970,四星商户,越式牛肉粒,熏鱼,素鲍鱼
老丰阁私味馆(远洋店),4013296,准五星商户,黑椒牛仔粒,红烧脆皮乳鸽,丰阁烤鸭
好宴世家(上南店),22586045,四星商户,巴西黑椒粒,馋嘴蛙,法式鹅汁扣土豆
江南名灶(东建路店),110686795,准五星商户,麻球,汽锅散养鸡,三鲜砂锅
永兴餐厅(复兴中路店),506471,四星商户,鸭卷,椒盐排条,雪菜腰果
老灶味道,92053609,四星商户,农家特色狮子头,酱油河虾,白斩鸡
彩蝶坊(西林北路店),3639472,准五星商户,外婆红烧肉,元宝虾,特色琵琶鸭
食缘,97616773,四星商户,虾仁双拼,膏蟹,上海熏鱼
道道鲜崇明私房菜(五角场店),18596550,四星商户,崇明散养鸡,红烧羊肉砂锅,崇明糕
九卓堂(潍坊西路店),4500537,准五星商户,老上海油爆虾,古老熏鱼,全家福
名轩(浦东店),502331,五星商户,蟹粉鱼翅,蟹柳炒芦笋,烤鳕鱼
江南宴民间菜,113881555,四星商户,老北京烤鸭,江南宴红烧肉,鹅肝酱干捞粉丝
筵禧楼(水清路店),23541559,准五星商户,南瓜饼包鳝丝,元宝虾,糖醋汁云南小瓜
老瑞福菜馆,22669704,四星商户,响油鳝丝,酱油河虾,熏鱼
小鹭鹭酒家,506395,四星商户,糯香牛肉粒,沸腾鲶鱼,糖醋排骨
海宁阿月煲(海阳路店),2039878,四星商户,红烧蹄膀煲,田螺塞肉,红烧鸭掌煲
朵馥苑酒家(申亚珺悦18广场店),98724378,四星商户,葱油鸡,广式麻球,酒香草头
虹桥人家(洛川路店),6142466,准五星商户,色拉小牛排,松鼠石斑鱼,上海熏鱼
长阳公馆(长阳店),4674001,四星商户,本帮现划鳝丝,本帮熏鱼,鸡油花雕大鲥鱼
景瑞轩上海菜,48053583,准五星商户,生煎包,片皮鸭,脆皮乳鸽
晶会轩(宝山店),69416216,准五星商户,烤鸭三吃,酥不腻精品烤鸭,文火焖小牛肉
御龙宴,6855819,四星商户,秘制熏鱼,鱼头汤,咖喱蟹
上海人家花樣年华(中山公园龙之梦店),3205237,四星商户,红烧肉大乌参,我家熏鲳鱼,响油鳝丝
舅家崇明原生态食府(金汇路店),113943702,准五星商户,肥肠螺丝,黄鳝红烧肉,崇明金瓜丝
上海小南国(老码头店),5210270,四星商户,外婆红烧肉,老上海蟹粉豆腐,黑松露建湖虾仁
陇翠轩(北外滩店),106319835,四星商户,蟹粉豆腐,招牌咸蹄,老上海熏鱼
颖食(梅龙镇广场店),93632901,四星商户,梅干菜包,颖食蟹粉小笼,豆沙锅饼
金凯门,2109463,准五星商户,鸭下巴,生煎包,黑椒牛仔骨
阿明小菜(东方路店),123743195,四星商户,烤鸭,椒盐龙头烤,八爪鱼年糕
丰和日丽(正大广场店),70138152,四星商户,老娘一手好牌,鲳鱼焖饭,葱油膏蟹
兴圆苑,113871220,四星商户,兴圆苑红烧肉,白切鸡,蟹粉豆腐
齐鲁壹号(三号湾广场店),67092597,四星商户,九转大肠,鲅鱼饺子,精品烤鸭
张生记(正大店),2064157,四星商户,招牌笋干老鸭煲,龙井虾仁,西湖桂花藕
苏浙汇(东方路店),501124,四星商户,越式牛肉粒,清蒸鲥鱼配面盏,清炒高邮河虾仁
悦小馆(大华店),91890053,准五星商户,金牌手撕三黄鸡,太白桂花拉糕,猪蹄
南小馆(第一百货店),98404702,四星商户,葱油拌面,小笼汤包大满贯,五福大满贯
我家餐厅(华山路店),500565,四星商户,我家沙拉,我家鸡翅,葱油拌面
韶梦酒店(峨山路店),2206975,准五星商户,椒盐猪手,佛跳墙,牛气冲天
上海1号私藏菜(虹口店),73600410,四星商户,老上海红烧肉,响油鳝丝,葱油鸡
绿茶餐厅(七宝万科广场店),69937234,四星商户,绿茶葱香烤鸡烤肉合拼,绿茶烤鸡,面包诱惑
HOMES食匠•本帮融合菜,103556515,四星商户,招牌果木烤鸭,千层土豆色拉塔,红烧肉配粢饭糕
老好人果木烤鸭(大宁店),110827334,五星商户,老北京果木烤鸭,口味豇豆,鸡汤豆腐
香喷喷快乐农庄,4099746,四星商户,白斩鸡,菜饭,竹蛏粉丝
溪林小馆(浦江城市生活广场店),65391021,四星商户,手撕农家走地鸡,老克勒罗宋浓汤,八宝辣酱包着吃
佬太公海鸭料理,110758032,四星商户,佬太公海鸭煲,油浸带鱼,咸蛋黄鸡翅膀
上海小南国(港汇店),16976916,四星商户,老上海蟹粉豆腐,外婆红烧肉,清炒野生河虾仁
联怡枇杷园,19756569,四星商户,神仙鸡,印度飞饼,红烧扎肉
阿嗲记忆(定西路店),131012475,四星商户,(大拌）猪肝腰花双拼拌面,炸猪排,辣肉面
金锚传菜(丽园路店),4100611,四星商户,金牌花雕鸡,美极百花杏鲍菇,外婆红烧肉
海宁煲时尚餐厅(朱泾店),4729808,准五星商户,田螺嵌肉,鸭爪煲,肉沫粉丝
谷谷鸡象山海鲜城(控江店),23975171,四星商户,白斩鸡,深井烧鹅,清炒河虾仁
点石斋小宴,501872,四星商户,红烧肉焖蛋,宁式葱烤鲫鱼,糍饭糕
苏浙汇(香港广场店),4188843,四星商户,越式牛肉粒,熏鱼,招牌清蒸鲥鱼
上海会馆(香港名都店),4052899,四星商户,红精制红烧肉,老上海熏鱼,糖醋小排
金龄餐馆,65998263,准五星商户,银鱼炒蛋,白切鸡,白水鱼
张生记prime(来福士广场店),92793364,四星商户,招牌笋干老鸭煲,本帮熏鱼,红烧肉
江南村酒家,500218,四星商户,龙井虾仁,金牌香芋,腌萝卜
沁韵米叶餐厅(赛纳左岸店),110741406,准五星商户,香炸脆皮虾,海鲜粳米泡饭,百香果凤爪
上海小南国(黄兴公园店),6214657,四星商户,外婆红烧肉,老上海蟹粉豆腐,水晶虾仁
丰和日丽(虹桥天地店),65726898,四星商户,老娘一手好牌,鲳鱼焖饭,陈年花雕醉鸡
宝隆宾馆中餐厅·江南小馆,568204,准五星商户,片皮鸭,瑶柱海鲜羹,金牌红烧鮰鱼
外婆家(百联徐汇商业广场店),5517856,四星商户,外婆红烧肉,外婆茶香鸡,想吃花菜
金太阳大酒店(宝龙店),98283299,准五星商户,烂糊面,金太阳大麻球,铁板特色烤虾
雍记·两江总厨(闵行爱琴海店),112310388,四星商户,油淋鸡,水晶大虾仁,黑金流沙包
楠桦饭店(宜川店),22083509,准五星商户,红烧长江鮰鱼,响油鳝丝,香菇面筋
星晨酒店(五角场店),500720,四星商户,灌汤虾蟹球,星晨港式片皮鸭,清炒河虾仁
书院人家(世博源店),20877292,四星商户,白切散养鸡,酱油白米虾,本帮扣三丝
品胜味道,23005003,准五星商户,品胜招牌乳鸽皇,笋尖虾饺皇,金不换三杯鸡翅
苏浙汇(肇嘉浜路总店),500506,四星商户,清蒸鲥鱼配面盏,越式牛肉粒,樟茶鸭
佳宴,130355083,四星商户,铁板香芋,老北京烤鸭,野葱元宝虾
农家乐,21691356,四星商户,免费豆浆,梅干菜饼,超级大麻球
瑞泰和江南菜,74631588,四星商户,麻球,松鼠鳜鱼,金牌酒花肉
金牌外婆家(环贸iapm商场店),13777467,四星商户,外婆神仙鸡,外婆花菜,冬荫功鱼片
桃醉·左邻右里,93469690,四星商户,石锅豆腐鱼,江南盆栽,杨枝甘露
尚九房,130944326,准五星商户,杨枝甘露,鱼翅煲,鲜鲍仔红烧肉
大勝胡同,77455621,四星商户,奥地利炸猪排,腊味煲仔饭,罗松汤
徐记私厨,19135138,四星商户,十八秒油爆虾,抖抖红烧肉,书香龙井牛肉
南小馆(虹桥天地店),65970059,四星商户,葱油拌面,鸡汁鲜肉小笼汤包,风沙小黄鱼
侬家阿婆(金桥店),113133186,准五星商户,椒盐咸蹄膀,金牌烤鳗,杏鲍菇牛仔粒
悦庭华府,2710834,准五星商户,黑椒牛仔骨,山药小豌豆,杏香肋眼皇
古镇邵稼楼,19485186,四星商户,古镇咸蹄髈,韭菜饼,水晶虾仁
远洋宾馆·江景餐厅,504550,四星商户,香煎银鳕鱼,油爆虾,金汁花蟹汁
胖哥俩肉蟹煲(汇智国际商业中心店),59188552,四星商户,招牌肉蟹煲,牛蛙煲,皮蛋豆腐
康乃馨食府(南京东路店),1900756,准五星商户,美级金宝虾,芥末牛柳粒,核桃山芋色拉
大富贵酒楼(西藏南路店),3882187,四星商户,冷馄饨,上海小笼包,虾仁锅贴
大上官(锦和中心店),129945153,四星商户,粤式牛仔粒,鲍汁自制黑豆腐,鳝丝包饼
楠桦饭店(共康路店),94309571,四星商户,本帮响油鳝丝,红烧回鱼,蛋黄锅巴
雍记·两江总厨(嘉定万达店),120126079,四星商户,黑金流沙包,油淋鸡,酥酥排骨
苏浙小品(愚园店),22142624,四星商户,脆皮黑叉烧包,金沙豆腐,小品琵琶鸭
绿茶餐厅(虹口龙之梦店),5157153,四星商户,绿茶饼,面包诱惑,绿茶葱香烤肉
鲜墙房(人民广场店),580440,四星商户,桑拿虾,蟹粉豆腐,小坛红烧肉
金锚传菜(新华路店),504610,四星商户,金牌花雕鸡,外婆红烧肉,黑胡椒牛肉粒
华亭湖时代大酒店,3884794,四星商户,华亭一品煲,特色肉包子,美味羊锅锅
桂满陇·陇外,131287810,四星商户,龙虾汤麻婆豆腐,小炒牛肉,酸辣土豆丝
70后饭吧(中房金谊广场店),18685425,四星商户,上酱肥牛配土豆泥,糖醋里脊,千叶豆腐煲
源茂苑,97821690,四星商户,草头年糕,清蒸红膏蟹,蒸鲜咸带鱼双拼
021上海菜主题餐厅(南京东路店),18499724,四星商户,清炒太湖白米虾仁,红烧肉,糖醋小排
楠桦饭店(金沙江路店),23401140,准五星商户,白切鸡,椒盐排条,红烧长江鮰鱼
慕膳府,96649337,准五星商户,慕府樱桃鹅肝,脆皮乳鸽,广式片皮鸭
申宴酒楼(大宁店),38063385,四星商户,红豆沙酒酿圆子,上海本帮红烧肉,黑椒牛肉粒
海金滋(缤谷广场店),110279611,四星商户,葱烤大排,蟹粉蛋,酱爆猪肝
缘鑫坊,98865996,准五星商户,响油鳝糊,黄鱼小馄饨,缘鑫红烧肉
一盐堂本帮菜,90925229,四星商户,椒盐排条,一盐堂红烧肉,香辣蟹
新苑本帮菜(保利时光里店),96015323,四星商户,八宝鸭,响油鳝丝,拆骨鱼头
外婆家(百盛优客天山店),57437684,四星商户,外婆茶香鸡,外婆红烧肉,蒜蓉粉丝虾
洛克菲勒公馆,5553435,四星商户,本帮熏鱼,百叶结三黑红烧肉,白汁鮰鱼汤
和记小菜(名品店),500243,四星商户,清炒河虾仁,生煎点心,招牌红烧肉
上海浦东四季酒店·尚席,6182586,准五星商户,黑松露虾饺皇,酸奶桂花冻,蟹籽瑶柱烧卖皇
庄行李记羊肉馆(庄行店),7996465,四星商户,热气羊肉,羊杂锅仔,大灶菜饭
御沪沪味园(斜土路店),23404317,准五星商户,石锅芋艿,越式牛仔粒,水晶鸡
新发现(万达广场松江店),17663737,四星商户,蛋黄鸡中翅,农家手工麻糍,铁板日本豆腐
上海白斩鸡,6856794,四星商户,白斩鸡,鸡血汤,拌面
上海大饭堂MINI(唐镇阳光天地店),97671817,四星商户,三十年代熏鱼,芝士焗紫薯,传统猪油渣炒饭
齐家花园大酒店(静安店),4675826,四星商户,雪花牛肉粒,碳烧熏鱼,椒盐蹄膀
阿拉人家上海菜(长泰广场店),21994899,四星商户,阿拉红烧肉,葱烤鸦片鱼头,特色生煎包
新南华大酒店(四平店),4514934,四星商户,老妈红烧肉,南华特色牛排,水晶虾仁
北蔡羊肉馆,3683719,四星商户,羊肉锅,白切羊肉,白切羊肚
今日闲食府,21726518,四星商户,白斩鸡,外婆家的裸饼,蚌肉炖豆腐
疁城清嘉,112080050,四星商户,魔都笑鸭,毛血旺,香芋N次方
福定花园经典本帮菜(龙茗路店),101125365,四星商户,桂花红烧肉,酸汤肥牛,清炒河虾仁
黄家花苑餐厅,69690250,四星商户,招牌红烧肉,香煎小米糕,家烧杂鱼
靓灶小院(徐汇店),25932170,四星商户,北京烤鸭,烧烤羊肉串,香脆烤猪手
穿越外婆家(兴业太古汇店),91019831,四星商户,叫花鸡,杭州小笼包,桂花年糕
丰和日丽(碧云店),17164889,四星商户,大汤雪菜黄鱼馄饨,葱油膏蟹,双椒蒸蛏子
徐家大院(梅川路二店),98598274,四星商户,黄金大麻球,秘制红烧肉,鱼头汤
上海申阿婆(青浦店),90335975,四星商户,石库门烧汁香芋,阿婆红烧肉,阿婆家烧肉
奢曰家宴(密云店),126688847,四星商户,天目湖砂锅鱼头,家乡乌米饭,溧阳扎干
汤记传菜(莎海国际店),103604348,四星商户,雪花牛肉,汤记红烧肉,富贵海鲜煲
三番里·家宴楼(周浦店),127213070,四星商户,酸菜鱼,青花椒鱼,海鲜大拼盘
宅里厢(海伦精致生活广场店),98518716,四星商户,馋香牛蛙,南汇老八样之蒸蛋卷,地三鲜
泰煌鸡(龙柏店),505200,准五星商户,白斩鸡,泰煌鸡500g,鸡汤面
和记小菜(百联中环店),3259681,四星商户,清炒河虾仁,招牌生煎包,招牌水晶鸡皇
name,num,star,sug1,sug2,sug3,tuangou
海神诺富特大酒店.海神宫中餐厅,3549418,四星商户,黑椒牛扒,玉簪虾仁,点心,
孔乙己酒家(文庙店),500332,准五星商户,太雕鸡,茴香豆,梅干菜烧肉,
东宫小院·佳人有约·小网海鲜江浙菜,131737639,该商户暂无星级,杨梅鲜虾球,竹网葱烤鲳鱼,桂花米酒,
翠亭酒家,500940,准五星商户,竹网鲈鱼,腐乳汁草虾,鱼面筋,
转角·上海老弄堂(淮海路店),19804519,准五星商户,八宝辣酱小年糕,我家红烧肉,红桂花酒酿圆子,
人和馆(肇嘉浜路店),17182037,五星商户,金牌红烧肉,本帮熏鱼,老上海酱爆猪肝,
HOME'S私房菜,504464,准五星商户,特色红烧肉,特色本帮熏鱼,特色糯米红枣,
新白鹿餐厅(第一百货店),8009245,准五星商户,蛋黄鸡翅,糖醋排骨,话梅花生,
和平饭店龙凤厅,500245,五星商户,片皮鸭,水晶河虾仁,本帮鳝丝,
忆旧久留烤鸭店,125709252,准四星商户,本帮熏鱼,咸蛋黄焗南瓜,松子鲈鱼,
妈妈家,22038150,准五星商户,椒盐排骨馄饨,脆皮小黄鱼,葱油捞鸡,
月湖萃(东安路店),131453366,五星商户,桂花熏鲳鱼,月湖春色绿豆糕,蟹粉炒虾仁,
乐忻皇朝(上海中心大厦店),77457970,准五星商户,特色皇朝小笼包（八色）,红油抄手,招牌原味小笼包,
钱塘秋荷新中菜,131388441,准五星商户,秋荷烤鸭,橙香牛仔粒,葱烤荔浦芋头,
鼎鸿海鲜馆(杨南路店),127233338,五星商户,鼎鸿一品虾,葱油海瓜子,椒盐活富贵虾,
虫二酒肆(美罗城店),76735408,准五星商户,寿司糯米鸭,吮指鸡爪,公主素蟹粉,
南京大牌档(人民广场店),15123172,准五星商户,民国美龄粥,天王烤鸭包,古法糖芋苗,
RIVIERA  松鹤楼(外滩店),4039048,准五星商户,松鼠桂鱼,茶艺河虾仁,响油鳝丝,
三玛璐酒楼,502910,准五星商户,铁板鲈鱼,上海小排,芥末虾仁,
光明邨大酒家(淮海中路总店),501002,准五星商户,鲜肉月饼,鸡汁小馄饨,特色酱鸭,
恰恰餐厅,131302807,五星商户,恰恰红烧肉,咸蛋黄排条,元宝虾,
南麓·浙里(外滩店),6874180,五星商户,金牌扣肉,虾爆鳝,腐皮黄鱼卷,
琵琶蛮·铜雀春深(虹桥天地店),97339174,准五星商户,九制话梅酱鸭,鸡丝凉面,奶酪枇杷酥,
瑞福园(茂名南路店),501411,准五星商户,大黄鱼棒打小馄饨,油爆虾,田螺塞肉,
圆苑(静安寺店),2697124,准五星商户,圆苑红烧肉,糯米红枣,金牌煮干丝,
海味观,69311960,五星商户,黑松露烤鸡,茅台百草醉蟹,油煎松露馄饨,
食荤者,131053378,五星商户,古法酥炸熏鲳鱼,葱烤鸭片鱼头,响油鳝丝夹饼,
桂满陇-桃花山庄(徐家汇店),18602068,准五星商户,吮指鸡爪,红糖麻糍,一桶奇味虾,
渔水之家柴火菜饭,10021108,五星商户,清蒸白水鱼,古镇扎肉,酱爆螺丝,
枚青·红楼小宴(晶品店),120048431,准五星商户,临安桂花米酿,鲍鱼红烧肉,糖醋里脊,
新荣记(南京西路店),21035069,五星商户,黑松露鹅肝包,龙虾汤泡饭,黄金脆带鱼,
億爐,127217714,准五星商户,羊肉串,怪味茄子,手抓羊肉,
洞天食府,5591028,准五星商户,酱爆螺丝,清蒸白水鱼,蚌肉豆腐,
馨源楼,10346969,五星商户,石锅京葱银鳕鱼,瑞金核桃酥,浓汤黄鱼面,
雅科本帮江浙菜(大光明店),2972056,准五星商户,浦江第一排,xo酱杏鲍菇,元宝虾,
江南里(环球港店),68948071,准五星商户,宋嫂鱼羹,江南花开,卤鸡爪,
肥猫餐厅(松江店),14202740,准五星商户,铁板烤虾,肥猫烤翅,金华桶饼,
桂满陇-枕水江南(人民广场世茂店),120161294,准五星商户,吮指鸡爪,公主素蟹粉,东坡半边鸡,
肥猫餐厅(青浦万达店),131563002,准五星商户,连骨头都不剩的鸡爪,外婆红烧肉,酱鸭,
泾彩坊时尚餐厅,1707676362,四星商户,招牌烤鸭,招牌生煮天目湖鱼头,白切鸡,
火靠·民间菜(田林路店),102177363,准五星商户,老北京烤鸭,山泉石磨豆腐,火焰掌焖鸡,
客缘·初見(中星城店),111999839,准五星商户,八珍烤鸭,腌笃鲜小馄饨,石磨泉水豆腐,
荣小馆(安达仕店),98210604,五星商户,蜜汁红薯,东海三鲜红烧,沙蒜豆面,
鹿园 MOOSE(长宁店),5995973,准五星商户,老北京烤鸭,公主的素蟹粉,文火焖小牛肉,
东城故事·寻找姆妈的味道,23893627,四星商户,生煎包,山药骨髓肉,松子桂鱼,
桥水人家,92459852,准五星商户,土鸡蛋,特色白斩鸡,野生河鳗,
蘇小柳点心专门店(人民广场店),99058148,准五星商户,鲜肉小笼,晚粳米海鲜泡饭,大根蒜香骨,
黄记大闸蟹专卖店,2717353,五星商户,阳澄湖大闸蟹,黄记秘制醉蟹,大闸蟹,
新荣记(南阳路店),4023775,五星商户,黄鱼,黄金脆带鱼,沙蒜烧豆面,
点水楼(北外滩店),114789315,准五星商户,椒盐猪蹄,南乳排骨,韩式泡菜豆腐锅,
外滩1288花园丽舍餐厅,14734803,五星商户,上海熏鱼,油爆河虾,黄油焗龙虾,
吉麓缘,122484236,五星商户,石锅鹿腩,刘伶醉虾,蒸鹿血,
御鲜坊(汝南街总店),114543526,五星商户,御厨红烧肉,黄鱼馄饨汤,黑椒番茄牛仔粒,
聪菜馆,25008703,准五星商户,虾酱茭白丝,荠菜馄饨,响油鳝丝,
G CLUB老鬼私房小厨,111750539,准五星商户,特色脆皮熏黄鱼,荷香梅菜狮子头,果木烤鸭,
金时代顺风大酒店(松江飞航广场店),131776411,五星商户,顺风乳鸽,流沙包,水晶虾仁,
食庐(浦东嘉里城店),69521429,准五星商户,三文鱼牛油果龙虾塔,扬州狮子头,鲳鱼饭（经典招牌）,
米桃-百花山房·桃花扇(爱琴海购物公园店),97253260,准五星商户,姑苏松鼠鲈鱼,燃烧吧！蜂窝煤,桃花坞酒酿桃胶,
福1088,2313757,五星商户,老上海熏鱼,香溢红烧肉,芥末芝麻虾,
荷风细雨(世纪大道店),107480398,五星商户,膏蟹醉花螺,金牌普洱紅烧肉,西班牙火腿蒸野生白水魚,
食庐(浦东嘉里城店),69521429,准五星商户,三文鱼牛油果龙虾塔,扬州狮子头,鲳鱼饭（经典招牌）,
米桃-百花山房·桃花扇(爱琴海购物公园店),97253260,准五星商户,姑苏松鼠鲈鱼,燃烧吧！蜂窝煤,桃花坞酒酿桃胶,
福1088,2313757,五星商户,老上海熏鱼,香溢红烧肉,芥末芝麻虾,
桂满陇·桃花院落(长泰广场店),67395674,准五星商户,吮指鸡爪,黄金蛋黄土豆丝,红糖麻糍,
G CLUB老鬼私房小厨,111750539,准五星商户,特色脆皮熏黄鱼,荷香梅菜狮子头,果木烤鸭,
万厢,131049472,五星商户,万厢红烧肉,响油鳝丝,鹅肝,
桂满陇-陌上花开(八佰伴店),77004673,准五星商户,吮指鸡爪,东坡肉,公主素蟹粉,
福1039,587030,五星商户,老上海熏鱼,招牌红烧肉,冰镇黄酒鸡,
1943海派菜,130072659,五星商户,清炒河虾仁,酱蛋红烧肉,老烧鳝糊,
淘小馆(莘庄龙之梦店),97281098,准五星商户,小萝莉脆筒色拉,松子脆牛肉,醉爱花雕鸡,
江南里(巴黎春天店),113907182,五星商户,宋嫂鱼羹,杭椒石锅牛蛙,蛋黄鸡翅,
仲亿食荟,98112691,准五星商户,椒盐排条,沙姜鸡,酒酿圆子,
客缘民间菜(兴梅路店),98747916,五星商户,八珍烤鸭,腌笃鲜小馄饨,黄山臭鳜鱼,
漢舍中国菜馆(悦达889广场店),3531196,准五星商户,漢舍招牌果木烤鸭,现制熏鲳鱼,老上海葱油鸡,
泾彩坊时尚餐厅,1707676362,四星商户,招牌烤鸭,招牌生煮天目湖鱼头,白切鸡,
漢舍中国菜馆(悦达889广场店),3531196,准五星商户,漢舍招牌果木烤鸭,现制熏鲳鱼,老上海葱油鸡,
夫人花园·千岛湖鱼头馆(久金广场店),122099077,五星商户,夫人花园千岛湖鱼头,千岛湖桂花糕,玉米慕斯,
绍东家·三味书屋(上滨店),131599492,准五星商户,绍氏酥鱼,花雕竹林鸡,东家青花椒鱼,
御璟轩(金桥店),2435650,五星商户,清炒深海大虾仁,现拆蟹粉丝油条,招牌御璟轩红烧肉,
新白鹿餐厅(文峰广场店),131744531,四星商户,蛋黄鸡翅,冰淇淋烤布雷,糖醋排骨,
月湖萃(东湖路店),96636091,准五星商户,桂花熏鲳鱼,桂花南瓜酒酿圆子,美国提子红烧肉,
上海会馆(96广场店),5537819,准五星商户,老上海熏鱼,外婆红烧肉,黑胡椒牛肉粒,
玫瑰厅上海菜(兴国路店),130920925,五星商户,话梅排骨,南瓜小圆子,茭白炒鳝丝,
南麓·浙里(巨鹿店),3341263,准五星商户,杭城油爆虾,蓝莓山药,招牌鸦片鱼头,
周舍·经典海派菜,130934277,四星商户,意大利黑醋脆鳝,周舍三虾狮子头,青麻老卤鸽,
爱玲EILEEN(环球金融中心店),21678721,五星商户,红酒鹅肝果,红烧肉糍饭糕,龙虾汤泡饭,
文餐厅 Y'S KITCHEN,122423347,准五星商户,鹅肝松露煲仔饭,茶醉蟹,凤城煎河鳗,
客觀民间菜(秀沿路店),92974819,准五星商户,葱香荔浦芋头,八珍烤鸭,梅菜饼,
忆家一宴(田林店),125339097,五星商户,鲍鱼猪手,牛仔粒,忆家红烧肉,
金牌外婆家(来福士广场店),91018291,四星商户,叫花鸡,桂花番薯冰淇淋,糖醋排骨,
