name,num,star,sug1,sug2,sug3,tuangou
浅草六丁目(静安本店),92652327,准五星商户,牛肉寿喜锅,牛舌薄烧,鸡蛋鳗鱼卷,
东京和食 Sun with AQUA,1965565,五星商户,刺身,东京小便当,鳗鱼饭,
HUNT'S ·夯食(世茂广场店),112130668,准五星商户,低温牛肉,蟹肉温泉蛋色拉,酥皮蟹宝,
鸟军日式烧烤深夜食堂,92849282,五星商户,烤牛舌,烤鸡皮,鸡胗,
峯烧鸟しんやしょくどう(夏都小镇店),101973719,五星商户,烤大肠,烤五花肉,烤黄油土豆,
酒吞(虹井路一馆),2244616,五星商户,鲜活牡丹虾,海胆,生鱼片定食,
万岛日本料理铁板烧(静安店),6061638,五星商户,牡丹虾,生海胆,三文鱼刺身,
鮨 松野 SUSHI MATSUNO,98406073,五星商户,和牛海胆卷,奈良渍鹅肝,熟成金枪鱼大脂,
酒吞(虹井路二馆),5514678,五星商户,鲜活牡丹虾,海胆,三文鱼肚,
牛小新烧肉屋(淮海中路店),69648904,五星商户,厚切牛舌,牛五花,芝士焗地瓜,
大馥 · 炭火烧肉屋(淮海路店),92455203,五星商户,盐葱牛舌,厚切牛小排,牛五花,
老乾杯(外滩本店),23735418,五星商户,本日限定澳洲和牛五种组合,鸡肉釜饭,豪华澳洲和牛&海胆手卷寿司,
鮨匠割烹料理(物华路店),92426910,五星商户,活松叶蟹,刺身拼盘,厚切牛舌,
大馥·烧肉丼饭(美罗城店),101961292,准五星商户,幸福满满牛丼烧,大馥歌剧院,大馥牛排丼,
天手古舞居酒屋(思南路店),2224660,五星商户,澳洲酱烤厚切上牛舌,菠菜色拉,牛肠火锅,
鰻重(愚园路店),58965149,五星商户,鳗鱼饭,鳗重,可尔必思,
超级丼(嘉亭荟店),113896866,五星商户,超级牛肉丼,超级蟹子火山沙拉,超级丼鳗,
西郊壹号 南苑铁板烧·日料,19643664,五星商户,龙虾芝士,a5和牛,松露奶油蘑菇汤,
海狸家まぐろ日本料理(五角场店),126832483,五星商户,蓝鳍金枪鱼刺身,相扑锅,温泉蛋菠菜沙拉,
酱子(南丰城店),97519951,准五星商户,烤牛舌,炸雞塊,芥末章鱼,
万岛日本料理铁板烧(吴中店),22912244,五星商户,小青龙,鳌虾,生海胆,
Ramen满吉,131783113,准五星商户,秘制炸鸡块,浓汤拉面,满吉溏心蛋,
松料理,98938783,五星商户,三文鱼刺身,M9澳洲和牛上脑牛排,鹅肝寿司,
九井正本料理(锦绣路店),13881219,五星商户,刺身拼盘,海胆,牡丹虾,
亚洲烧肉公司,68066252,五星商户,极上每样尝尝拼盘,台湾墨鱼肠,极上牛舌,
平成屋(正大广场店),100452392,准五星商户,烤牛舌,虾仁蛋包饭,炸鸡块,
荣新馆(兴义路2号店),21649203,准五星商户,兰维乐新西兰鳌虾,海胆,小青龙,
竹若金枪鱼(静安寺店),1050532160,准四星商户,元贝玉子烧,芝士焗蟹宝,三文鱼,
找到牛日式放题火锅,124752339,准五星商户,寿喜锅,和牛M5,安格斯谷饲后胸,
哥哥の深夜食堂(外滩店),127944263,五星商户,鹅肝寿司,烤牛舌,名古屋鸡翅,
桐花和食(虹桥中山店),5148607,五星商户,牡丹虾,海胆,龙虾,
迪立希寿喜锅,129628027,准五星商户,寿喜锅,M5 和牛牛肩肉,m5和牛牛脊肉,
竹若荣越(人民广场店),98622260,准五星商户,蟹宝,刺身七种拼盘,牡丹虾,
酒侍串说YaKINGtori,92371539,五星商户,鸭肝牛小排,厚切牛舌,鲑鱼亲子串,
平成屋(漕宝路店),103666998,五星商户,牛舌,炸鸡块,芥末章鱼,
most居酒屋izakaya,98787171,准五星商户,芝士豆腐,牛油果色拉,牛肉鹅肝卷,
东京屋(武定路店),6008006,准五星商户,鹅肝寿司,三文鱼刺身,炙烤寿司,
酒箸日本料理(假日酒店),132157916,准四星商户,鲷鱼浓汤石锅泡饭,手工芝麻豆腐,香煎牛舌,
万岛日本料理铁板烧(外滩店),93544104,五星商户,刺身拼盘,鳌虾,牡丹虾,
阿吾罗日本料理(浦东嘉里城店),68239567,五星商户,厚切烤牛舌,三文鱼刺身,鳗鱼饭,
大馥 · 炭火烧肉屋(安远路店),20917712,五星商户,盐葱牛舌,究极奶油菲力,大馥特选牛排,
满来寿喜烧(高岛屋店),113134232,五星商户,牛肉寿喜锅定食,鹅肝炒饭,M6牛肉寿喜烧（250g）,
紫料亭 Murasaki,21751693,五星商户,三文鱼腩,牡丹虾,香煎鹅肝,
荣新馆(兴义路1号店),18615887,五星商户,海胆,刺身,兰维乐新西兰鳌虾,
小锄匠寿喜烧(正大广场店),129000072,五星商户,富士山寿喜烧,厚切牛舌,铺天盖地和牛炙烧,
梅匠小酒馆,95543198,准五星商户,土豆打成泥,唐扬脆鸡骨,日式海鲜调味饭,
初霖和牛烧肉黑金店(三钢里店),122598710,五星商户,初霖醉牛烧肉,极上厚切牛舌,精选雪花牛小排,
鮨鲜きたじま日本料理(美罗城店),114849833,准五星商户,幸福の一定海胆饭,爆浆海胆天妇罗,蓝鳍金枪鱼,
くろぎ Kurogi 黑木,98787428,五星商户,怀石料理2,和牛寿喜锅,金枪鱼寿司,
無語 焼鳥&酒場,128451840,五星商户,烏拉圭精品牛舌,牛肉壽喜鍋,鮮雞皮,
大倇 · 烧肉夜食(田林路店),126090714,五星商户,盐葱牛舌,烤肉醬牛小排,烤肉酱牛五花,
鮨·谦八,130475744,五星商户,三文鱼,鳗鱼饭,三文鱼牛油果蔬菜色拉,
炙柒Sekinana·精致日料铁板烧(置汇旭辉店),112093285,五星商户,厚烧牛舌,鹅肝寿司,鮨谷卷,
荣新馆(金汇四季3号店),69677262,五星商户,刺身,海胆,兰维乐新西兰鳌虾,
哥哥の深夜食堂(唐镇店),126841353,五星商户,鹅肝寿司,三文鱼,梅子泡饭,
虎串·串烧饭(正大广场店),128318411,五星商户,牛牛牛炙烧丼饭,肉肉肉直火丼饭,温泉蛋,
有喜屋深夜食堂(徐家汇店),113193281,五星商户,酱烤厚切牛舌,鹅肝寿司,菠菜培根色拉,
鮨匠割烹料理(君欣时代广场店),92274457,五星商户,刺身拼盘,活松叶蟹,雪花和牛寿喜锅,
万岛日本料理铁板烧(虹桥万科中心店),82443851,五星商户,小青龙,海胆,鹅肝,
牛New寿喜烧(武宁路店),112224019,五星商户,寿喜锅,牛肩肉,肥牛,
荣新馆(金汇广场4号店),96573315,五星商户,新西兰深海鳌虾,海胆,刺身,
初霖和牛烧肉(人民广场店),92782722,五星商户,初霖醉牛,初霖冠军牛小排,和牛酱香牛肉釜饭,
鲔屋割烹精致料理,111793348,五星商户,活牡丹虾,刺身拼盘,野生马粪活海胆,
烧肉达人(SOHO复兴店),22798132,五星商户,松板猪,牛组合,玫瑰牛舌,
FOUNT创意日料,4522834,准五星商户,九宫格寿司饭,九宫格甜品,鹅肝茶碗蒸,
亚马逊环球美食百汇海鲜姿造(置汇旭辉店),112615837,准五星商户,海胆牡丹虾,澳洲小青龙,椰青,
将·鳗鱼前辈(港汇恒隆店),125891414,准五星商户,火炙凤梨鳗鱼饭,炭烤鳗鱼牛肉双拼饭,炭烤活鳗饭,
初风居酒屋,76084188,五星商户,三文鱼刺身,刺身拼盘,海胆,
阿吾罗日本料理(K11艺术中心店),5878554,五星商户,黑椒香煎厚牛舌,三种风味三文鱼刺身,鳗鱼饭,
虎丸烧肉ToramaruYakiniku(金虹桥国际中心店),90356311,五星商户,和牛上等牛小排,横膈膜,虎丸拼盘,
Maki House寿司(宏伊国际广场店),91678383,五星商户,鹅肝寿司,三文鱼,鳗鱼饭,
MOTOYA别邸·寿喜锅(虹梅店),23100587,五星商户,和牛拼盘寿喜锅,A5和牛,紫海胆,
魔丼屋(龙之梦店),1088547544,四星商户,魔王慢烧牛肉丼,鹅肝寿司,蟹宝,
Maki House寿司(晶品店),23218522,准五星商户,鹅肝寿司,鳗鱼饭中,三文鱼腩,
京料理(静安店),112189184,准五星商户,深海鳌虾拼盘,小青龙,刺身,
九久超极烧肉(浦东店),129933223,五星商户,九久烧肉超级阶梯,芝士红薯,星空可尔必思,
鸟啸炭火烧酒场·别馆,122497260,准五星商户,烤乌骨鸡腿尖包红枣,鸡心边,烤年糕,
醉乐小酒馆,127642677,准五星商户,牛肉寿喜锅,芝士焗蟹宝,大虾天妇罗,
旬野菜·日式涮涮锅专门店(浦东店),98281287,五星商户,安格斯牛肉寿喜锅,刺身拼盘,澳洲和牛寿喜烧,
超级丼(金桥国际店),132121330,五星商户,超级牛肉丼,蟹子火山沙拉,厚烤牛舌,
浅草六丁目(黄浦店),126839789,准五星商户,牛肉寿喜锅,薄烧牛舌,鸡蛋鳗鱼寿司,
吉腾日本料理居酒屋(大学路店),126763262,五星商户,三文鱼刺身,牛油果有机蔬菜色拉,柠檬烤秋刀鱼,
晶之辉和食,66335929,准五星商户,鳗鱼饭,三文鱼刺身,鸡肉串烧,
喜樂屋居酒屋(武夷路店),23212718,五星商户,芝士年糕明太子,铁板牛舌,三文鱼腩刺身,
初霖和牛烧肉(大宁国际店),96359279,五星商户,初霖醉牛,精选雪花牛小排,极上厚切牛舌,
Miss Poke波奇鲜食饭,79449804,五星商户,三文鱼甜虾健康超级碗,三文鱼波奇饭,鳗汁三文鱼波奇饭,
金崎日本料理自助铁板烧,103550789,五星商户,菲力牛排,铁板鹅肝炒饭,刺身三点拼盘,
蘭庭·炉端烧·酒(绿地缤纷城店),76762302,四星商户,寿喜锅,刺身拼盘,焦糖三文鱼寿司,
岸花·日本料理,97883647,五星商户,牛肉寿喜锅,三文鱼刺身,蒜香牛小排,
亚洲烧肉公司(雁荡路店),98184932,五星商户,台湾墨鱼肠,极上和牛拼盘,极上每样尝尝拼盘,
AJIYA(仙霞路店),8006068,五星商户,特等厚切牛舌,眼肉,上等牛小排,
初心屋·日本料理(宝山万达金街店),130938571,准五星商户,三文鱼刺身,牛肉寿喜锅,三文鱼,
匠庭·神户烧肉(君欣时代广场店),132021399,五星商户,澳洲牛舌厚切,牛小排,澳洲上脑,
万岛日本料理铁板烧(嘉定万达店),113904251,五星商户,刺身拼盘,鹅肝,鳌虾,
万岛日本料理铁板烧(由由店),98385597,五星商户,鳌虾,海胆,小青龙,
温野菜日本涮涮锅(世纪汇店),108326323,五星商户,月见寿喜高汤,澳洲严选 牛肩肉,刺身拼盘,
熹之味,112115869,五星商户,上品厚切牛舌,至尊巨无霸蒲鳗饭,龙虾色拉,
魔丼屋(日月光店),97889043,四星商户,魔王慢烧牛肉丼,蟹宝,鹅肝寿司,
牛小新烧肉屋(五角场店),121677178,五星商户,牛五花,特上雪花牛小排,土豆泥,
九井正本料理(陆家嘴店),69877606,五星商户,三文鱼肚,牡丹虾,海胆,
鮨一日本料理(旗舰店总店),6140602,五星商户,金枪鱼大脂,toro寿司,刺身,
舞渔日料美人胶原锅(太平洋店),97849102,五星商户,美人胶原锅（小份）,厚烤牛舌,握寿司･炙烤鹅肝,
花隐日本料理(世博源店),76848692,五星商户,石锅松露牛肉汤,蓝鳍金枪鱼刺身,相扑锅,
大馥·炭火烧肉屋(五角场店),17647597,五星商户,盐葱牛舌,厚切牛小排,究极奶油菲力,
桃山日本料理铁板烧,19315775,准五星商户,法国鹅肝,刺身大拼盘,甜虾,
YK烧肉居酒屋(美罗城店),97957320,准五星商户,欧姆蛋广岛烧,极上三种烧肉拼盘,自家制坚果牛轧糖冰淇淋,
万岛日本料理铁板烧(锦江店),17190498,准五星商户,刺身拼盘,牡丹虾,生海胆,
世香全厨·铁板烧(红星美凯龙1号店),19437333,五星商户,菲力牛排,法式小羊排,法式鹅肝,
阿吾罗·月咏精致日料(港汇恒隆广场店),113888298,五星商户,黑椒香煎厚牛舌,三文鱼逸品刺身,铁板鹅肝,
濱寿司(文峰广场店),130472019,五星商户,鹅肝寿司,三文鱼寿司,三文鱼,
满来寿喜烧(金虹桥店),19595075,五星商户,寿喜锅M6 1人前,鹅肝炒饭,温泉蛋土豆球,
橘焱胡同烧肉夜食(BFC外滩金融中心店),17159209,五星商户,蟹膏干贝,墨鱼香肠,沃金牛舌,
舞渔日本料理(兴业太古汇店),131414638,五星商户,3A牛小排胶原锅,炙烧海胆鹅肝握,厚烧牛舌,
日矢 HIYA,113899367,准五星商户,腌制金枪鱼手卷,和牛盖饭,刺身拼盘,
植藤(铜仁路店),21403307,五星商户,鳗鱼土锅饭,琉球鹅肝,生鱼片,
初花,2032762,准五星商户,海胆刺身,烤银鳕鱼,三文鱼,
柚子林炭火烧肉(嘉瑞店),2087128,五星商户,厚切牛舌,大吟酿牛肩肉,柚子林特色色拉,
鱻一自慢料理,123295804,五星商户,和牛火锅,明太子山药,虾膏牡丹虾,
大志和牛寿喜烧专门店(浦东店),121508500,五星商户,和牛寿喜锅,杏仁豆腐,乌冬面,
Ginza Onodera 鮨(外滩十八号店),23495846,五星商户,马粪海胆,和牛海胆鱼子酱寿司,金枪鱼寿司,
井福Ifuku,66396291,准五星商户,炭烤鸡肉一夜干,炭烤牛舌,牛肠,
鮨谷Aburiya·日料铁板烧(合生汇店),45829706,准五星商户,厚烧牛舌,鹅肝寿司,三文鱼刺身,
八彩慕光日本料理,106351924,准五星商户,秘制牛舌,刺身拼盘,八彩趣味寿司饭,
夢間心ゆめまごころ深夜食堂(思南路店)(思南路店),104870409,五星商户,寿喜锅,鹅肝寿司,刺身拼盘,
橘焱胡同烧肉夜食(芮欧店),90891640,五星商户,墨鱼香肠,和牛烤肉酱牛小排,沃金牛舌,
鱼市新馆,129634190,五星商户,鱼市新馆环球航母刺身拼盘,鳌虾,鱼市金牌花胶鸡锅（浓汤锅底）,
末那寿司(玫瑰坊店),11557516,五星商户,三文鱼刺身,鹅肝握寿司,摩托罗拉卷,
吾妻家,127903144,四星商户,刺身,炸猪排,日式滑蛋猪排饭套餐,
鮨心和,97405324,五星商户,和牛配黑松露,蓝鳍金枪大腹配苏联鲟鱼籽,生蚝,
王鼎精致料理(世茂商都店),4078315,准五星商户,铁板鹅肝,芝士炸三文鱼排,鲜活海胆,
牛角日本烧肉(晶品店),100924695,准五星商户,严选和牛三种拼盘,DJ横膈膜,厚切上等牛舌,
约食季烧肉•寿喜锅(合生汇店),110264031,准五星商户,寿喜锅,牛小排,手切牛舌,
日久锅物料理(莘庄店),131198985,准四星商户,鹅肝寿司,招寿喜锅,霜降牛肉,
虎连坊日本料理(国贸店),10655653,准五星商户,三文鱼刺身,甜虾,法式黄油鹅肝,
大江户日本料理(湖滨道店),500135,准五星商户,味噌烤鳕鱼,海胆,三文鱼腩,
禾牛阵,23481472,五星商户,火山黑毛牛胸肉,寿喜烧汤底,黑毛和牛肩肉,
ANTHOLOGIA地球美食剧场,57290376,五星商户,刺身五种拼盘,炭烤和牛配照烧酱,牛肉,
旬怀石料理,110846713,五星商户,红魔虾,刺身,兵库县相生生蚝,
黑门和牛(新天地店),66849507,五星商户,极上和牛,寿喜小火锅,特上牛小排,
牛阵(绿地店),111993629,五星商户,寿喜锅&ShabuShabu,和牛雪花上脑&和牛雪花板腱,哈根达斯,
橼舍鮨青木,19819159,五星商户,鱼籽海胆饭,海胆冰淇淋,toro,
万岛日本料理铁板烧(大宁店),66831905,五星商户,鳌虾,生海胆,焗蟹宝,
SUSHI YANG,95369384,准五星商户,大脂,清酒蒸鲍鱼,玉子烧,
万岛日本料理铁板烧(梅赛德斯奔驰店),82442748,五星商户,鳌虾,海胆,小青龙,
谷牛·澳洲和牛烧肉(七宝万科广场店),98030759,五星商户,厚切牛舌,谷牛醉爱牛小排,极上黑毛谷饲牛小排,
YK烧肉居酒屋(日月光店),125892574,五星商户,本日推荐烧肉拼盘,欧姆蛋广岛烧,牛轧糖冰淇淋,
蟹的岡田屋(静安店),57503397,五星商户,雪蟹锅（1只蟹）,雪蟹刺身,雪蟹泡饭,
鸟屋居酒屋深夜食堂(虹桥假日广场2店),96392471,五星商户,烤黄油土豆,寿喜锅,鸡心,
黑牛の店(合生汇国际广场店),97975664,五星商户,黑牛横膈膜,黑牛玫瑰牛舌,雪花特级秘制卷牛排,
薪火烧肉源之屋(第一百货店),98404057,五星商户,烤肉阶梯拼盘,压轴15层拼盘,厚切牛舌,
鮨直輝(古北店),22660738,五星商户,北海道红海胆,寿司,Toro,
天妇罗·天吉,128452381,五星商户,天妇罗芦笋,斑节虾头,大叶海胆,
鳗享屋日本料理(金桥国际店),126692396,五星商户,鹅肝寿司,关东鳗鱼盖饭（一条）,关西鳗鱼三吃套餐（一条）,
蟹的岡田屋(尚嘉中心店),76664560,五星商户,活雪蟹,纸火锅,雪蟹泡饭,
米禾良,121466563,五星商户,鹅肝寿司,寿喜锅,寿司拼盘,
亚马逊环球美食百汇(长宁来福士店),129351603,准五星商户,海胆刺身,八头鲍鱼,冰镇青龙仔,
云锦荟铁板烧,125885735,五星商户,铁板烧,奶油蘑菇汤,卤肉饭,
舞渔日料美人胶原锅(陆家嘴中心店),122706884,五星商户,美人胶原锅（小份）,厚烤牛舌,明太子山药烧,
鳗享屋日本料理·雅川(日月光店),129888244,五星商户,鹅肝寿司,关东鳗鱼饭,关东鳗鱼盖饭（一条）,
初霖和牛烧肉(虹口龙之梦购物中心店),99256446,五星商户,初霖醉牛,精选雪花牛小排,极上厚切牛舌,
酒吞(七宝万科广场店),70142460,五星商户,鲜活牡丹虾,三文鱼背,岩烤牛舌,
Shinpaku欣舍日料餐厅,129192780,五星商户,刺身拼盘,自家制烤鳗鱼（蒲烧）,大虾什锦天妇罗,
渡边日料(上港邮轮城店),97668606,五星商户,刺身三拼,法式红酒鹅肝,铁板鲑鱼,
神谷·日本鍋物專門店,124213391,五星商户,和牛,神谷寿喜锅,中脂,
焱一期一会,121522375,五星商户,墨鱼肠,上等精选牛六拼,特上牛小排,
阿吾罗日本料理(芮欧百货店),13861802,准五星商户,三种风味三文鱼刺身,三文鱼腩刺身,铁板牛舌,
舞渔日料美人胶原锅(中山公园龙之梦店),110519835,五星商户,美人胶原锅（小份）,厚烤牛舌,明太子山药烧,
炉匠炉端烧·酒(静安嘉里中心店),13828409,五星商户,爽脆的烤牛舌,刺身拼盆,烤年糕,
锅物新语寿喜烧+割烹料理(世博源店),97737306,五星商户,寿喜烧套餐,澳洲M9和牛上脑心,M13澳洲和牛,
初风烧肉酒场·炭火,110660882,五星商户,特制牛小排,澳洲特级雪花西冷A5,秘制牛肋条,
乾杯黑毛屋(外滩本店),113898092,五星商户,关东风寿喜烧套餐,清酒,特选澳洲和牛,
mufmuf 漁味料理,123137044,五星商户,雪蟹南瓜盅,M12牛肉,北海道松叶蟹火锅,
鮨一日本料理(乌鲁木齐南路店),111809478,五星商户,海胆海鲜蒸蛋,星鳗寿司,生鱼片,
酒吞(世纪汇店),111538447,五星商户,三文鱼肚腩,海胆,牡丹虾,
万岛日本料理铁板烧(置汇旭辉店),111750918,五星商户,海胆,鳌虾,鹅肝,
樱久让OMAKASE,123154303,五星商户,东市海胆,拍卖级蓝鳍金枪鱼,刺身拼盘,
七笑日式料理(世茂滨江店),121931169,五星商户,刺身拼盘,加拿大特大牡丹虾,三色海胆饭,
蟹的岡田屋(绿地缤纷城店),82877344,五星商户,雪蟹锅（1只蟹）,火锅泡饭,帝王蟹腿刺身,
火炉家黑牛店(天乐广场店),121464979,五星商户,步步高升黑牛八种组合,冷面,厚切牛舌,
炉匠炉端·串烧·锅物(陆家嘴中心店),121716486,五星商户,炭烤熟成牛菲力配鹅肝,炭烤活大竹蛏,牛肉寿喜烧（牛肉可选）,
大志和牛寿喜烧专门店(长宁店),98736471,五星商户,和牛寿喜锅,和牛,炸鸡块,
炉匠炉端烧·酒(国金中心商场店),4505769,准五星商户,红睦鱼,烤年糕,爽脆的烤牛舌,
鮨鲜きたじま日本料理(南丰城店),120076913,五星商户,幸福一定の海胆饭,爆浆海胆天妇罗,和牛刺身,
YK烧肉居酒屋(合生汇店),93722685,准五星商户,极上三种烧肉拼盘,法国鹅肝和牛汉堡佐温泉蛋,牛轧糖冰淇淋,
七笑日式料理(金汇四季广场店),15855782,五星商户,加拿大特大牡丹虾,加拿大活海胆,午市定食,
蟹的岡田屋(世纪大都会店),79602471,五星商户,雪蟹锅,蟹肉泡饭,名物蟹肉蒸蛋,
金匠寿司,110825466,五星商户,鹅肝寿司,三文鱼寿司,火炙鳗鱼寿司,
葵叶(中房金谊广场店),97777417,准五星商户,牛肉寿喜锅,鹅肝,刺身拼盘,
舞渔日料美人胶原锅(五角场合生汇店),122709743,五星商户,美人胶原锅（小份）,厚烤牛舌,明太子山药烧,
薪火烧肉源之屋(宏伊广场店),131582752,五星商户,压轴十五层拼盘,厚切牛舌,和牛里脊牛排(新西兰),
耕海蟹将军(置汇旭辉店),111875610,五星商户,帝王蟹火锅,活海胆,龙虾刺身拼盘,
極暮,98401628,五星商户,烤金吉鱼,金枪鱼大脂,和牛寿喜锅,
簪花日本料理(陆家嘴东亚店),69421089,准五星商户,海胆,刺身 拼盘,鳌虾,
黑门和牛(虹桥天地店),120068359,五星商户,极上和牛,特上牛小排,M7小西冷,
薪火烧肉源之屋(爱琴海店),129424377,五星商户,阶梯拼盘,压轴15层拼盘,特级牛小排,
小铁君串烧居酒屋(滨江世茂52+店),111567053,五星商户,鹌鹑溏心蛋,特上牛小排串,紫苏山药,
南京路佐々日本料理 Sassa,97753967,五星商户,胡麻豆腐,芝麻葛根豆腐,炭烤小长井黑马和牛牛眼,
极火酱烧(人广来福士店),130068714,准五星商户,满满肥牛丼饭,极火盛和丼饭,温泉蛋,
鳗樽·炭烤活鳗居酒屋(晶品店),103548125,五星商户,鳗鱼饭,厚烤牛舌,好吃难剥的鹌鹑蛋 [人气必点],
诗季(陆家嘴中心店),113890256,准五星商户,煎厚牛舌,三文鱼厚切,肥牛寿喜锅,
割烹哲,113050660,五星商户,刺身,和牛,海胆饭,
富罟河豚料理(长宁来福士店),90956917,五星商户,河豚蝉翼生鱼片,经典河豚鱼火锅,酥炸河豚鱼块,
LH TEPPANYAKI铁板烧,101896959,五星商户,大明虾佐主厨酱汁,香煎法式鹅肝,鹅肝鱼子酱蒸蛋,
锦水亭日本料理•居酒屋(五角场万达店),130613301,准五星商户,美国肥牛寿喜锅,活烤鳗鱼饭,炸虾天妇罗,
月见葫芦 烧肉夜食,130607995,五星商户,月见和牛,墨鱼肠,角切菲力,
Mo·Mo牧场(大悦城店),38220251,准五星商户,寿喜锅,牛肩肉,焦糖布丁,
虎丸烧肉(世纪汇店),110671812,准五星商户,虎丸上等横膈膜,上等牛小排,拌饭肉酱,
伙坊水产,24616688,五星商户,炭烤帝王蟹,澳洲极品和牛,加拿大牡丹虾,
好牛·烧物酒场(新梅联合广场店),68193713,五星商户,花开富贵厚切牛舌,澳洲牛肉,现切m9级眼肉排,
勝之町日式猪排,122555662,五星商户,黑豚toro里肌猪排（套餐）,日式猪排套餐饭,燕麦饭,
平成屋(愚园路店),127997978,准五星商户,牛舌,武藏浓郁豚骨拉面,芥末章鱼,
御京都 にほんりょうり,56526011,五星商户,牡丹虾,海鲜蒸蛋,北朝鲜盐水海胆,
九久超极烧肉(人民广场店),124120941,准五星商户,九久超极天梯（15种）,墨鱼肠,刺身三拼,
大馥烧肉丼饭(IFC国金中心店),122914716,五星商户,幸福满满牛丼饭,究極菲力丼,大馥歌剧院,
怀石去来OCHOBO,125166510,五星商户,和牛寿喜烧,紫苏海胆天妇罗,龙虾松茸釜饭,
伴斤捌两,128372002,五星商户,伴斤捌两虾仁,牛肉寿喜锅,乌冬面,
有喜屋深夜食堂(南京东路店),90107412,准五星商户,酱烧厚切牛舌,南蛮炸鸡块,鹅肝寿司,
Maki House寿司(龙之梦购物中心店),66240166,准五星商户,鹅肝寿司,三文鱼刺,鳗鱼饭,
凤寿司,114892968,五星商户,海胆,法国金钻生蚝,活赤贝寿司,
蔵元居酒屋(江宁路直营店),110876538,准五星商户,牛肉寿喜锅,名古屋鸡翅,鹅肝寿司,
平成屋(打浦桥日月光店),90350557,准五星商户,牛舌,豚骨拉面,炸鸡块,
王鼎精致料理(汇商店),19634573,五星商户,铁板鹅肝,鲜活海胆,牡丹虾跟鳌虾,
兼六寿喜烧,126226148,准五星商户,M5牛肉寿喜锅,芝士豆腐,铁板牛舌,
大馥·烧肉丼饭(芮欧百货店),91975297,准五星商户,幸福满满牛肉丼 Beef BBQ Karubi Bowl,大馥歌剧院,温泉蛋,
WS大馥烧肉小酒馆,124622432,准五星商户,牛肉八种组合550g,山楂佳人,背身肉牛排130g,
蟹的岡田屋(正大广场店),69231115,五星商户,蟹锅泡饭,名物蟹肉蒸蛋,雪蟹锅（1只蟹）,
桐花和食(利通广场店),23978880,五星商户,海胆,牡丹虾,三文鱼,
無廂·日式烧肉(外滩店),111969505,准五星商户,無厢牛小排,無厢隔膜肉,厚切牛舌,
奈良本寿司,5973691,五星商户,鱿鱼海胆寿司,刺身,安康鱼肝,
植藤(古北店),16992475,准五星商户,鳗鱼饭定食,刺身五拼,活海胆,
SHIZUKA 鮨·笑鱼,112132022,五星商户,金枪鱼大脂寿司,小夹竹鱼寿司,鳗鱼寿司,
平成屋(四川北路店),18494599,准五星商户,牛舌,炸鸡块,色拉虾仁,
上湾烧肉夜食(博乐路二店),126175140,五星商户,和牛上等牛小排,上等牛舌,网红拼盘,
庭原日本料理,110256622,五星商户,综合刺身拼盘,海胆刺身,蒲烧鳗鱼,
鮨驰江户前寿司专门店,130582044,五星商户,活赤贝寿司,金枪鱼大脂寿司,金枪鱼寿司,
乾杯烧肉居酒屋(新天地本店),67916727,准五星商户,盐葱牛舌,去骨牛小排,厚切牛舌,
串魂居酒屋(打浦桥店),107980065,五星商户,烤牛舌,五花肉,鸡心,
松涛日本料理,4101041,五星商户,江户前握寿司九贯,生鱼片,虎河豚刺身,
吾山纳雅寿喜烧·深夜食堂,130608282,准五星商户,雪花牛肉,朝一鸡蛋,安格斯牛上脑,
九州场(浦东店),129863578,准五星商户,刺身三拼,特色炸鸡块,芥末章鱼,
小句号日本料理(仲盛世界店),130766125,准五星商户,鹅肝寿司,超好吃的双拼鳗鱼饭,麒麟蛋糕,
烧肉万两,126624231,准五星商户,牛小排,黄油牛肉山,三筋肉,
鳗樽·活鳗料理居酒屋(汇智国际商业中心店),97216917,五星商户,蒲烧鳗鱼饭,厚烤牛舌,蒲烧鳗鱼,
HUNT S·夯食(置汇旭辉广场店),111750922,准五星商户,低温牛肉,蟹肉温泉蛋色拉,肥牛乌冬锅,
HUNT'S · 夯食(凯德晶萃广场店),112284227,准五星商户,低温牛肉,蟹肉温泉蛋色拉,主厨心鳗卷,
朗月日本料理,129879386,五星商户,豪华刺身拼盘,鳌虾,海胆,
米亭味自慢料理(丁香国际店),73418365,五星商户,刺身拼盘,炸三文鱼排,串烤酱味牛舌,
大馥·炭火烧肉屋(栗时代店),131420003,准五星商户,牛舌,起司地瓜,牛小排,
回乐町烧肉酒场,124759426,五星商户,回乐町牛气冲天plus,厚切牛舌,刺身五拼,
平成屋(新虹桥商厦店),15129125,五星商户,炸鸡块,芥末章鱼,牛舌,
富罟河豚料理(正大广场店),76742555,准五星商户,河豚蝉翼生鱼片,酥炸河豚鱼块,火锅泡饭,
德兵衛精致料理,67095694,准五星商户,炙烤鹅肝寿司,温泉蛋牛肉饭,香煎厚切牛舌,
烧肉喵政宗(淮海中路店),69238788,准五星商户,精品牛小排,厚切牛舌,上等横隔膜,
锦水亭日本料理•居酒屋(淮海中路店),129287565,准五星商户,寿喜锅,烤鳗鱼,三文鱼牛油果沙拉,
代田家新宿·深夜食堂(虹桥店),102478423,准五星商户,牛肉寿喜锅,烧鸟（鸡腿肉、鸡皮、鸡心）,三文鱼刺身,
吉道楽居酒屋,111783537,五星商户,刺身拼盘,牛舌,法式香煎鹅肝,
井福渔炎,95248443,五星商户,极上和牛日式寿喜锅,炭烤鸡肉一夜干,炭烤牛舌,
虎丸烧肉(仙霞路店),2103487,五星商户,厚切特级牛舌,虎丸上等横隔膜,上等牛小排,
鮨玄日本料理(虹桥店),96589357,五星商户,奶酪蟹宝,鹅肝寿司,和牛寿喜锅,
好牛烧肉(嘉定博乐路店),14744053,五星商户,精选安格斯雪花牛小排,花开富贵厚切牛舌,雪花牛肉,
king大志烤肉黑毛牛专门店(仙霞路店),13873435,五星商户,厚切牛舌,特上牛小排,杏仁豆腐,
好牛烧肉(世茂广场店),111809977,准五星商户,鲜安格斯护心牛小排,花开富贵厚切牛舌,冰鲜安格斯护心肉,
橘焱胡同烧肉夜食(长乐店),23436398,五星商户,墨鱼香肠,蟹膏干贝,山药明太子烧,
Shabushabuしゃぶしゃぶの蓮,96181199,准五星商户,A5牛肉,牡丹虾,前菜,
まるみち丸道烤肉(仙霞路店),18772777,准五星商户,次世代牛横膈膜,烤面包冰淇淋,上牛舌,
六扇门,112537285,五星商户,阿拉斯加大生蚝,A5牛眼肉,三文鱼,
鳗鳗的爱(长宁来福士店),114888201,准五星商户,鳗先生的饭（精品鳗鱼饭）套餐,满满的爱（巨无霸鳗鱼饭）1,抹茶布丁,
柚子(百联南桥购物中心店),124414951,准五星商户,刺身拼盘,焦糖布丁,芝士烤大虾,
まるみち   丸道东京烧肉(虹梅路店),27437357,五星商户,次世代横膈膜,冰淇淋烤面包,上等牛舌,
小句号日本料理(北外滩店),93326836,五星商户,超好吃的双拼鳗鱼饭,鹅肝寿司,暖暖的天妇罗卷,
牛町·炭火烧肉,111536635,五星商户,牛之町爆款阶梯拼盘,厚切牛舌,阶梯烤肉,
近矶水产(大悦城店),90965203,准五星商户,活黑鲷鱼两吃,蟹黄甲壳燒,三文鱼大脂,
膳月割烹日本料理,122006652,五星商户,松露和牛三明治,鹅肝手卷,静冈蜜瓜,
Mirai Waki 3D全息怀石料理,113920506,准五星商户,刺身拼盤,特选和牛,清酒,
沁井居酒屋,102362095,准五星商户,鸡肉京葱串,寿喜锅,牛舌,
上海鮨太郎·巓,73588783,五星商户,寿司,toro,北海道金目鲷,
浅井日本料理,113086220,五星商户,鹅肝炒饭,寿喜锅2人份,人气芝士豆腐,
柚子寿司,110794934,准五星商户,蒲烧鳗鱼寿司,臻味鹅肝寿司,鹅肝粒寿司,
柚子暖家铁板烧,4655507,五星商户,铁板烤银鳕鱼,铁板牛排,生鱼片,
DEMO CAFE,5454259,准五星商户,南蛮风味鸡块,鲜海胆滚烫石锅茶泡饭,周四豆腐牛油果定食,
季玄精致日本料理(闸北公园店),122429018,准五星商户,鹅肝寿司,刺身拼盘,活烤鳗鱼,
米禧关西寿喜烧,122412946,准五星商户,严选牛肉,寿喜烧,肥牛,
京料理(南翔店),24630651,准五星商户,刺身拼盘,新西兰鳌虾,芝士焗蟹斗,
虎丸烧肉(缤谷广场店),125228377,准五星商户,虎丸拼盘,冰淇淋,长条横膈膜,
照烧物种,121507453,准五星商户,照烧鸡排饭,私房照烧鸡排,抹茶大福,
鮨玄寿喜烧(日月光店),110674997,准五星商户,奶酪蟹宝,鹅肝寿司,松叶蟹海鲜锅,
烧肉牛太(绿地缤纷城店),76728530,五星商户,厚切牛舌,和牛腹心肉,顶级牛小排,
好牛·烧物酒场(合川路店),91911537,五星商户,花开富贵特厚牛舌,冰鲜澳洲牛肋骨牛小排,现切m9肋眼排,
大江户日本料理(浦电路店),15867345,准五星商户,甜虾,刺身拼盘,海胆,
鳗鱼王,126373545,五星商户,鳗鱼三吃,极上鳗鱼饭,酱烤鳗肝,
镜·日料铁板烧,129230899,四星商户,刺身三品,鹅肝寿司,厚烧牛舌,
一锅入魂寿喜烧日式自助火锅(南京东路店),97242581,准五星商户,寿喜锅,寿喜肥牛,冰淇淋,
米亭味自慢料理(凤阳路店),97994619,准五星商户,西京味噌烤银鳕鱼,三文鱼大腹刺身,炭烤牛舌,
橘焱胡同烧肉夜食(环宇荟店),103015172,五星商户,墨鱼香肠,烤肉醬牛小排,角切牛舌,
赤坂亭熟成和牛烧肉餐厅(南方商城店),128341054,准五星商户,环游牛身一周七品盛合,玫瑰酒渍甜虾,黑松露鹅肝牛肉釜饭,
平成屋(山东中路店),67255863,准五星商户,牛舌,芥末章鱼,炸雞塊,
親父的右腕,113170635,准五星商户,京都风西京豆乳锅,鹅肝牛肉寿司,炭烤年糕,
炼火,562821,五星商户,上等牛舌,上等牛小排,冠军牛排,
诗季(大悦城店),32775299,准五星商户,厚切三文鱼,牛舌定食,厚切烤牛舌,
虎丸烧肉(玫瑰坊店),17186607,准五星商户,上等横隔膜,壶渍上等牛小排,厚切特级牛舌,
YO！NiKU烧肉夜食,57282124,准五星商户,厚切牛舌,特选牛小排,特选横膈膜,
池井屋,77250018,准五星商户,鳗鱼饭,自家制豚骨拉面,照烧鸡肉丼,
串魂物语·深夜食堂(虹梅路店),112056436,五星商户,明太子鸡翅,五花肉卷年糕,盐烤青花鱼,
炙吞·海鲜串烧酒场,126105471,五星商户,清酒,紫苏秋刀鱼卷,鳗串,
锦水亭日本料理(古北1699广场店),71004535,四星商户,法式鹅肝,加拿大牡丹虾,小青龙刺身,
吉子,120085573,准五星商户,盐烤秋刀鱼,盐烤青花鱼,寿喜锅,
HUNT'S · 夯食(瑞虹月亮湾店),72358729,准五星商户,蟹肉温泉蛋色拉,鹅肝三文鱼盖饭,烟熏鸭胸鹅肝卷,
百川日本料理(淮海路店),97192654,五星商户,鹅肝,刺身五点拼盘,海胆,
小铁君串烧居酒屋(瑞虹天地店),111566282,准五星商户,鹌鹑溏心蛋,特上牛小排串,薄切牛舌串,
哥哥の深夜食堂(畹町坊店),120043727,准五星商户,牛肉饭,鹅肝牛小排,烤牛舌,
烧肉达人(龙湖虹桥天街店),75713015,五星商户,顶级松阪猪肉,起司牛肉石锅拌饭,一级棒牛小排,
伊秀寿司(长泰店),19684259,准五星商户,鹅肝寿司,三文鱼寿司,鳗鱼饭,
鸟屋居酒屋深夜食堂(虹梅路3店),122485965,五星商户,黄油土豆,寿喜锅,烤鸡肉串,
寿司沼津港(四川北路店),130397264,准五星商户,火炙秘制鹅肝寿司,厚切三文鱼,鹅肝寿司,
藤木日本料理,111819219,准五星商户,秘制布丁,丹麦皇冠三文鱼刺身,鹅肝寿司,
大馥·炭火烧肉屋(梅川路店),24941003,准五星商户,厚切牛舌,终极奶油菲力,厚切牛小排,
渔狩,76854243,五星商户,金枪鱼大脂,煮金吉鱼,黑松露和牛,
藤匠鱼生·料理,130630912,五星商户,刺身拼盘,铁板牛舌,雪蟹蒸蛋,
井秀·活鲜精食料理,130522096,五星商户,松叶蟹,刺身五种拼,活牡丹虾,
名村小拾の深夜食堂(周浦店),131456977,准五星商户,三文鱼,牛舌烤串,特选刺身拼盘,
鳗亭,110586381,五星商户,特上鳗鱼饭套餐,鳗鱼肝烤串,鳗鱼原味白烧套餐,
鮨玖日式料理(米岛店),66685477,五星商户,鹅肝寿司,厚切三文鱼,北海蟹帝熔岩盖饭,
沂久·王鼎(1885广场店),8965278,五星商户,三文鱼腩刺身,铁板厚烧牛舌,牡丹虾跟鳌虾,
樱之海日本料理(圣诺亚大厦店),127140876,准五星商户,刺身拼盘,寿喜锅,炭炉香煎牛舌,
九井正本料理(虹梅路店),4672473,五星商户,三文鱼背,牡丹虾,海胆,
平成屋(城开YOYO店),121473694,准五星商户,牛舌,芥末章鱼,炸鸡,
OVERDOSE,76961537,准五星商户,烤牛舌,烤鸡肉丸子,烤鸡饭,
大和食乐,127911026,准五星商户,富士锅,抹茶提拉米苏,牛舌,
大馥·炭火烧肉屋(胶州路店),22393028,准五星商户,盐葱牛舌,牛排,究极奶油菲力,
鮨莲(新闸路店),6165656,准五星商户,海胆,牡丹虾,味增牛舌,
平成屋(第一百货店),130219741,准五星商户,炸鸡块,牛舌,虾仁蛋包饭,
丸忠寿司(新大陆店),129961460,五星商户,鳗鱼膳饭定食,特级鳗鱼饭三吃,布丁,
醜爺烧肉本家(吴江路湟普汇店),98836513,准五星商户,经典拼盘,三文鱼,牛舌三拼,
缘·烧肉酒场(宛平88店),67724527,五星商户,招牌壶渍牛小排,冰激凌,名古屋鸡翅,
炙柒Sekinana·精致日料铁板烧(长泰广场店),130896239,准五星商户,厚烧牛舌,刺身拼盘,鳗鱼饭,
丼丼屋 DONDONYA(迪士尼小镇店),66191172,准五星商户,滑蛋猪排饭,亲子丼定食,海胆三文鱼子鳗鱼饭定食,
堀越.道顿堀居酒屋(尚悦湾店),110106986,准五星商户,布丁,胡麻豆腐,刺身拼盘,
食指大丼,102415247,准五星商户,松叶蟹二段,炙烤鳗鱼饭,龙虾二段,
虎串·串烧饭(白玉兰店),125285265,准五星商户,招牌牛牛牛炙烧饭,招牌肉肉肉直火饭,温泉蛋,
伊秀寿司(金桥国际广场店),3883066,准五星商户,鹅肝寿司,三文鱼刺身,三文鱼寿司,
王鼎精致料理(世博源店),8077064,准五星商户,铁板鹅肝,鲜活海胆,牡丹虾跟鳌虾,
芥末日本料理(打浦路铂尔曼旗舰店),24069759,准五星商户,牡丹虾刺身,鳌虾,海胆,
Maki House寿司(中山公园来福士店),98693140,准五星商户,鹅肝寿司,鳗鱼饭,三文鱼刺身,
匠源,80535109,五星商户,寿喜锅,鹅肝寿司,厚切三文鱼刺身,
虎串•串烧饭(晶品店),102311709,准五星商户,招牌牛牛牛炙烧饭,串串串串烧饭,招牌肉肉肉直火饭,
夢間心ゆめまごころ怀石料理(成山路店),96418316,五星商户,九彩拼盘,鳗鱼炒饭,和牛火锅,
烧肉三代目,126361909,准五星商户,厚切盐味牛舌,牛小排,酱味厚切横膈膜,
渔上家庭锅物料理(徐汇日月光店),24933636,准五星商户,M6和牛寿喜烧,鹅肝手握,温泉卷,
蟹的岡田屋畅吃专门店(瑞虹天地店),91892554,五星商户,冈田屋雪蟹双人套餐,雪蟹锅（1只蟹）,霜降牛肉蒸笼,
濱寿司(威宁路店),18714439,准五星商户,牛油果系列,鹅肝寿司,三文鱼刺身,
龍八日式烧鸟(龙湖天街店),102289968,准五星商户,牛肉寿喜锅,鸡腿肉葱串,烤鳗鱼,
極九井鐵板燒,110991277,五星商户,香煎帝王蟹,薄片岩烧雪花牛肉,法式鵝肝,
米亭味自慢料理(陆家嘴店),95977889,五星商户,三文鱼大腹刺身,蒲烧活鳗,烤牛舌,
和楽TUYOSHI烧鸟专门店,122427921,五星商户,牛舌,鸡肉丸子,京葱鸡肉,
Lucky Seven Club,110689019,五星商户,怀石料理,椰林飘香,莫吉托,
大馥烧肉丼饭(新天地广场店),125404966,准五星商户,幸福满满牛丼烧,究极菲力丼,大馥剧场丼,
小句号日本料理(松江万达店),125237675,准五星商户,超好吃的双拼鳗鱼饭,鹅肝寿司,暖暖的天妇罗卷,
哥哥の深夜食堂(铂骊店),18076422,五星商户,刺身拼盘,鹅肝,西冷牛排,
鬼串炼狱,95339125,五星商户,樱桃番茄五花肉,东坡肉,铁板和牛海胆卷,
良·旬菜和膳·懐石料理,21906234,准五星商户,鳗鱼饭定食,午市定食,三文鱼饭定食,
麻布料理屋 Azabu Dining,122182703,准五星商户,黄鰤鱼鲜豆皮,海胆寿司饭,金枪鱼刺身三吃,
一竹烧肉.酒场,69851142,准五星商户,和牛5种拼盘,鹅肝酱牛肉,一竹和牛小排,
鳗享屋日本料理(长宁龙之梦店),92189943,准五星商户,关西鳗鱼三吃套餐（一条）,鹅肝寿司,关东鳗鱼盖饭（一条）,
鸟啸炭火烧酒场·本馆,95085938,准五星商户,年糕,明太子西葫芦,京葱鸡腿肉,
鮨武魂,125071335,五星商户,omakase套餐,和牛,海胆,
芝湖参鸡汤(龙茗路店),23473284,准五星商户,芝湖参鸡汤,汉方参鸡汤,餐前小菜,
Mo·Mo牧场(长泰广场店),23405398,准五星商户,寿喜锅,牛肩肉,焦糖布丁,
Hulu Sushi葫芦寿司,110242760,五星商户,焦糖布丁,海胆甜虾元贝寿司,大脂,
大和屋-原喜都乃,2229079,五星商户,关东煮,刺身,烤青花鱼,
小大志黑毛牛串居酒屋(长宁店),90970265,五星商户,特上牛舌,特上脑肉,火山烤肉块,
芝蘭室,129664896,准五星商户,鮟鱇鱼肝,胡麻豆腐,带籽牡丹虾,
米亭·米懐石,120003117,五星商户,刺身,和牛,金枪鱼大酯,
鮨莲(黄金城道店),73423036,五星商户,鹅肝寿司,海胆甜虾寿司,金槍魚中腹壽司,
日本料理神拉面,14729771,准五星商户,豚骨拉面,鸡肉串,酱油拉面,
鸣龙上雅,112189036,五星商户,铁板烧,鹅肝,刺身套餐,
大馥 · 炭火烧肉屋(复旦大学店),111955198,准五星商户,烤牛五花肉,猪肉溏心蛋,乌冬面,
火影忍者一乐拉面(环球港店),123088907,四星商户,一乐豚骨拉面,豚骨味噌叉烧拉面,炸鸡,
哥哥の深夜食堂(大拇指广场店),97947838,准五星商户,牛舌,鹅肝寿司,烤鸡软骨,
大贯日式烧肉丼饭(世纪汇店),129839034,四星商户,超能量牛肉丼,豚三层肉盖饭,香烤牛小排,
松葉胡同日式炭烧,129211571,准五星商户,雪花牛小排,鳗鱼饭,蔬菜色拉,
寿司小波,59270634,五星商户,海胆牡丹虾寿司,海鲜饭,刺身拼盘（生鱼片）,
柚子(虹桥店),586620,准五星商户,三文鱼刺身,西京味噌烤鳕鱼,烤鳗,
AJIYA(淮海路店),16981169,准五星商户,特等厚切牛舌,眼肉,日式葱鲜鸡蛋饭,
炭一,78053468,准五星商户,和牛5拼,M12和牛一口饭,厚切牛舌,
鳗享屋日本料理(陆家嘴中心店),122876113,准五星商户,鹅肝寿司,关西鳗鱼盖饭（半条）,关西鳗鱼三吃套餐（一条）,
伊秀寿司(合生汇店),57299603,准五星商户,鹅肝寿司,火炙鹅肝,三文鱼刺身,
光琳雅殿(BFC外滩金融中心店),102147389,准五星商户,焦糖布丁,七彩寿司饭定食,北海道冰淇淋,
屋久岛日本料理,122278118,五星商户,鱼翅蒸蛋,刺身拼盘,天妇罗拼盘,
天家二十二(国金中心店),102511228,四星商户,金枪鱼大脂,香煎牛排,金枪鱼五味寿司,
富罟河豚料理(大宁国际店),76847054,准五星商户,河豚禅意生鱼片,酥炸河豚鱼块,火锅汤汁泡饭,
YO！NiKU烧肉夜食,112092769,准五星商户,精选厚切牛舌,鹅肝和牛炒饭,YO!Niku牛小排,
又間居 UMAI,98736528,五星商户,长崎小长井生蚝,蓝鳍金枪鱼寿司,海胆寿司,
king大志烤肉黑毛牛专门店(浦东店),19574813,五星商户,厚切牛舌,特上脑肉,特上眼肉,
AJIYA鲜活馆(静安店),98762994,准五星商户,特等厚切牛舌,牛横膈膜,特选眼肉,
川芍亭·日本料理,125248520,五星商户,牛肉寿喜锅,厚切三文鱼刺身,鹅肝寿司,
慢食·日本料理,131461724,准五星商户,刺身拼盘,铁板法式鹅肝,新西兰鳌虾,
云间不二,127041357,准五星商户,酱烤鸡腿肉,蟹宝,三色土豆色拉,
海猫炭火烤肉·日本料理,120142555,五星商户,阶梯烤肉,刺身拼盘,牛肉寿喜锅,
Ginza Onodera铁板烧(外滩十八号店),67660614,五星商户,香煎鹅肝,Mayura和牛牛排,澳洲和牛,
Poke Lab(九江路店),92520424,准五星商户,男朋友波奇饭,芒果三文鱼,澳洲牛肉波奇饭,
极火酱烧(金虹桥店),122855533,准五星商户,极火盛合丼饭,温泉蛋,脆香牛舌丼饭,
多番漫怡精食(金桥国际广场店),67188038,五星商户,刺身拼盘,三文鱼腹,活牡丹虾,
烧肉道场(光合新座店),112622711,五星商户,皇家水晶阶梯烤肉,刺身拼盘,M12和牛一口饭,
柚子(假日店),1998673,准五星商户,刺身拼盘,西京味噌烤鳕鱼,生烤牛舌,
丸忠寿司(环球金融中心店),58040890,准五星商户,特上丸忠鳗鱼膳饭,鸡蛋卷,鳗鱼三吃,
鸟炭居酒屋(米岛店),126917967,准五星商户,牛肉寿喜锅,芥末章鱼,鹅肝握寿司,
鱻 Xian,63061961,准五星商户,鹅肝寿司,焦糖三文鱼寿司,寿喜锅,
赤坂亭·M9和牛放题(汇金百货店),66320226,准五星商户,黑毛厚切牛舌,焦糖布丁,北极甜虾,
小山日本料理(兴业太古汇店),91622067,准五星商户,三文鱼背刺身,寿喜锅,鳗鱼饭,
吉腾日本料理居酒屋(大宁店),71684935,准五星商户,三文鱼刺身,烤牛舌,香煎鹅肝,
琥家拉面(上海晶品店),102421569,准五星商户,博多原味豚骨拉面,日式炸鸡,博多赤豚骨拉面,
平成屋(湟普汇店),92759909,准五星商户,牛舌,芥末章鱼,炸鸡块,
鮨割烹 遊,4111271,五星商户,刺身,手卷,毛豆慕斯海胆,
有喜屋深夜食堂(北京西路店),67722706,准五星商户,酱烤厚切牛舌,菠菜培根沙拉,鹅肝寿司,
榕熙料理,126426630,五星商户,寿喜锅,法式鹅肝福袋,三文鱼刺身,
吟松日式料理(莘庄店),92100172,五星商户,牛肉寿喜锅,烤鳗鱼,鳗鱼饭,
雲上钱屋,131392423,准五星商户,金枪鱼大脂,海胆配胡麻豆腐,八寸拼盘,
一升庵,19411441,准五星商户,招牌自家制胡麻豆腐,南蛮鸡块,盐烤牛舌,
花崎蟹道,24610507,五星商户,帝王蟹火锅,活海胆,活雪蟹刺身拼盘,
京渔,23595087,准五星商户,炭烤牛舌,十二品刺身拼盘,海鲜牛油果色拉,
平成屋(天钥桥路店),21634475,准五星商户,牛舌,芥末章鱼,烧烤金针菇,
酒隐居酒屋,122117986,准五星商户,香煎鹅肝,鳗鱼卷,三文鱼刺身,
烧鸟一番(长泰广场店),122906090,五星商户,五花肉,鸡胗,猪颈肉,
京锅屋 たか木,97675467,五星商户,八寸前菜,海胆泡饭,澳洲雪花和牛,
丸忠寿司(光音广场店),125087790,五星商户,鳗鱼膳饭定食,布丁,烤牛舌,
AJIYA炭火烧肉(虹梅路店),91587671,准五星商户,眼肉,极等牛小排,特等厚切牛舌,
一鸣居酒屋·深夜食堂,79446757,准五星商户,牛肉寿喜锅,精致刺身拼盘,盐烤青花鱼,
TUNA MAKI寿司(BFC外滩金融中心店),124389753,准五星商户,鹅肝寿司,鳗鱼饭（中份）,杏仁奶冻,
小西涉(万达广场宝山店),67955376,准五星商户,亲子丼,猪豚骨拉面,寿喜锅,
平谷屋日料(特力时尚汇店),125232488,准五星商户,寿喜锅,鹅肝寿司,香煎巴西厚烧牛舌,
好牛烧肉(松江开元地中海店),24646782,五星商户,花开富贵厚切牛舌,和风牛五花,现切冰鲜牛排,
有喜屋深夜食堂(安龙路店),22405695,准五星商户,厚切酱烤牛舌,南蛮炸鸡块,串烤拼盘,
倾奇者·日本料理,102283426,五星商户,倾奇者嫩烤牛肉,刺身拼盘,牛肉寿喜锅,
王鼎精致料理(龙湖虹桥天街店),75713017,准五星商户,海胆刺身,鳌虾刺身,牡丹虾刺身,
串魂居酒屋(静安店),76720327,准五星商户,烤牛舌,烤鸡皮,鸡软骨,
寿司沼津港(万象城店),130323725,准五星商户,火炙秘制鹅肝寿司,谷饲牛肉富士山寿喜锅,招牌厚切牛舌,
G7和牛烧肉(虹梅店),124153192,准五星商户,花生豆腐,招牌薄切牛舌,G7特级和牛拼盘,
山海亭·日式烧鸟屋,127111872,准五星商户,烧烤,刺身拼盘,寿喜锅,
WOO深夜·酒肆串屋,13850591,准五星商户,圆圆酸甜凤梨,独家香甜香蕉,招牌百宝茄子,
将太无二(虹口龙之梦店),91683838,准五星商户,三文鱼刺身,秋天的童话,焗蟹宝,
伊秀寿司(大宁国际商业广场店),5668421,准五星商户,鹅肝寿司,三文鱼刺身,三文鱼寿司,
峯铁板烧(老码头VIP店),5185389,五星商户,法式红酒鹅肝,牛排,三国蛋,
王鼎精致料理(瑞虹天地月亮湾店),72610823,准五星商户,牡丹虾跟鳌虾,铁板鹅肝,鲜活海胆,
虎丸烧肉(爱琴海购物公园店),97188553,准五星商户,牛肉酱,上等和牛小排,厚切特级牛舌,
HARU KITCHEN披头士日本料理,120119304,准五星商户,寿喜锅,玉子大阪烧,刺身,
伊秀寿司(百联滨江店),21065367,准五星商户,鹅肝寿司,三文鱼刺身,蟹籽土豆沙律,
火地铁板烧,131300201,四星商户,菲力牛排,脆皮鸡排,火焰冰激凌,
多番漫怡精食(新大陆广场店),21213568,五星商户,三文鱼刺身,刺身拼盘,顶级澳洲和牛,
旭豐和食(梅陇路店),128357920,准五星商户,蓝虾刺身拼盘,法式香煎鹅肝,和风牛舌,
有喜屋深夜食堂(宝山万达店),125969200,准五星商户,厚切酱烤牛舌,鹅肝寿司,寿喜锅双人份,
炙柒Sekinana·精致日料铁板烧(维璟广场店),92026252,准五星商户,厚烧牛舌,鮨谷卷,鳗鱼饭,
鮨舍日本料理(红星美凯龙3号店),122313077,五星商户,芝士蟹宝,刺身三品,三文鱼,
横丁•牛昌苑,93217356,准五星商户,特选澳洲黑毛牛红肉组合,香草冰激凌,牛肉炒饭,
极火酱烧(环球港店),113086567,四星商户,极火盛合酱烧,温泉蛋,脆香牛舌丼饭,
一藏日本料理(绿地缤纷城店),76728631,准五星商户,刺身拼盘 特上,寿喜锅,炭烤活鳗鱼,
德兵衛精致料理(大融城店),107811325,准五星商户,鹅肝寿司,寿喜锅,香煎厚切牛舌,
天家·金枪鱼世家(陆家嘴中心店),123028720,五星商户,西冷牛排,大虾菌菇沙拉,冰激凌,
叮丼(陆家嘴中心店),121537592,准五星商户,抹茶冰淇淋,牛肉鳗鱼丼,自家制米汤水,
酒寻日料,102115347,准五星商户,厚切牛舌,三文鱼甜虾刺身,牛腹肉寿喜锅,
藏盛烧肉,129361355,准五星商户,和牛四拼,带骨牛小排,蔬菜色拉,
小熊屋日本料理,97227219,四星商户,广岛之恋卷,牛肉寿喜锅（1人前）,三文鱼刺身,
小句号日本料理(莘庄龙之梦店),98574323,准五星商户,超好吃的双拼鳗鱼饭,鹅肝寿司,暖暖的天妇罗,
鮨たくみ  匠心,65930568,五星商户,寿司,和牛,大脂,
隐山(协泰中心店),21754637,五星商户,刺身拼盘,活海胆,盐板牛舌,
一風堂拉面(浦东世纪汇店),108224928,准五星商户,白丸,一风堂秘制炸鸡翼,焗土豆泥伴温泉蛋,
日葵 大阪烧ひまり(仙霞路店),5466901,准五星商户,日葵大阪烧,猪肉鸡蛋烧卷,牛筋煮,
寿司沼津港(徐汇日月光店),97463228,准五星商户,鹅肝寿司,招牌厚切牛舌,谷饲牛肉富士山寿喜锅,
鳗享屋日本料理(正大广场店),93451833,准五星商户,关西鳗鱼三吃套餐（一条）,鹅肝寿司,酱烧牛舌,
SHARI,4127017,准五星商户,马斯卡朋芝士豆腐,海鲜蒸蛋,刺身八种,
毛毛屋MOMOYA居酒屋,112079050,准五星商户,炭烤牛舌,大脂海胆烧,秘汁烤澳洲和牛,
UniBar海胆专门店(南京西路店),122115188,准五星商户,海胆饭,北海道海胆尝味6点,味增汤,
小句号日本料理(青浦万达店),129347851,准五星商户,鹅肝寿司,超好吃的双拼鳗鱼饭,火山飞鱼籽沙拉,
山葵伴Wasabi Sushi寿司(环球港店),90463584,准五星商户,三文鱼厚切,鹅肝寿司,朴烧骰子牛舌,
纯彩居酒屋(96广场店),101948918,四星商户,铁板牛舌,清酒鹅肝,三文鱼刺身,
Moosan木桑水产(环球港店),90898064,准五星商户,三文鱼刺身,三文鱼,什锦海鲜寿司拼盘,
Katsukura名藏炸猪排(高岛屋百货店),8087792,准五星商户,烟台炸猪排套餐,白味增汤,炸猪排和炸虾,
旨料亭日本料理(四川北路店),14174516,四星商户,牡丹虾,海胆,烤法式鹅肝,
炙柒Sekinana·精致日料铁板烧(徐汇日月光店),110839807,准五星商户,鹅肝寿司,厚烧牛舌,鮨谷卷,
一锅入魂寿喜烧日式自助火锅(徐家汇店),113155492,准五星商户,寿喜锅,雪花和牛,上等牛舌,
百笑家炸猪排居酒屋,107769087,准五星商户,特选超厚炸猪排,鳗鱼饭,三文鱼茶泡饭,
平成屋(浦东丁香国际店),130434891,准五星商户,烤牛舌,虾仁蛋包饭,烤鸡翅,
一宗·深夜食堂(虹桥万科店),112288944,准五星商户,铁板牛舌,刺身拼盘,日式苹果盅,
角屋北海道烧肉专门店(百脑汇店),93055426,准五星商户,北海道成吉思汗羊排双拼,秘制牛五花肉,盐烤薄切牛舌,
水谷屋,122650422,五星商户,甜虾刺身,酱烧牛舌,烤深海银鳕鱼,
大味鳗,17857938,准五星商户,名古屋鳗鱼三吃,鳗鱼盖饭,原味玉子烧,
MOST RESTAURANT&BAR,17783787,准五星商户,牛油果色拉,烤鳗鱼饭,豆腐芝士,
丸忠寿司(新世纪广场店),68209993,五星商户,特上丸忠鳗鱼膳饭,鳗鱼三吃,特上鳗鱼盒饭,
隆一(绿地缤纷城店),77031668,准五星商户,鳗鱼饭,刺身小拼盘,和牛寿喜锅,
京料理(嘉定店),92297222,准五星商户,刺身拼盘,法式鹅肝,蟹宝,
上野小町·日本纸火锅专门店(漫游城店),113927060,准五星商户,芝士焗蟹宝,铁板厚切牛舌,三文鱼,
喜屋日本料理(令和屋),96105752,准五星商户,三文鱼刺身,鸡皮饺子,日式炸鸡块,
谷牛·烧肉(特力时尚汇店),92440045,准五星商户,澳洲谷饲牛小排,厚切牛舌,雪花肥牛,
烧肉达人(96广场店),2876866,准五星商户,玫瑰牛舌,秘汁牛五花,顶级松阪猪,
阿纳迪酒店-竹善日本料理,98704513,五星商户,三文鱼,刺身三种,海胆松露蒸蛋,
king大志烤肉黑毛牛专门店(久光店),95047107,准五星商户,特上脑肉,厚切牛舌,杏仁豆腐,
笑纳日本料理(静安大融城店),107372988,准五星商户,三文鱼刺身,厚切牛舌,寿喜锅,
鹤鲀御&和牛料理专门店,128020209,五星商户,河豚鱼色拉,手抓油炸河豚鱼尾,河豚鱼火锅,
万牛膈膜屋(虹梅店),108201494,五星商户,罐汁横膈膜,大碗牛舌,万牛牛小排,
上湾日本料理铁板烧,24718020,准五星商户,刺身拼盘定食,奶油明虾,法式铁板鹅肝,
渔乐寿司居酒屋,131200914,五星商户,厚切三文鱼,烤蟹黄蟹宝,火炙奶酪三文鱼卷,
酒集面社日式居酒屋店,24772136,准五星商户,招牌炸猪排,豆腐牛肉锅,牛肉寿喜锅,
食特美▪日式烧肉(新大陆广场店),69139982,五星商户,辣牛小排汤,特级厚切雪龙牛舌,极上横膈膜,
宫谷日本料理(夏碧路店),125227063,准五星商户,厚切牛舌烧,和风蟹肉温泉蛋沙拉,芥末章鱼,
满藏·居酒屋·深夜食堂(金桥店),113850645,准五星商户,寿喜锅,三文鱼刺身,烤牛舌,
伊秀寿司(仲盛世界商城店),6152682,准五星商户,鹅肝寿司,三文鱼寿司,牛油果土豆沙拉,
Mo·Mo牧场(陕南牧场店),4550707,准五星商户,寿喜锅,牛肩肉,牛五花肉,
赤坂亭 M9和牛放题(安亭嘉亭荟店),6008470,准五星商户,黑毛牛厚切牛舌,焦糖布丁,香草三文鱼卡帕丘,
酱子(商城路店),110527637,四星商户,烤牛舌,三文鱼刺身,京葱烤鸡肉,
蝦之都日本料理(爱琴海店),123085629,准五星商户,溏心土豆球,三文鱼刺身,寿喜锅,
花籠味日本料理,8933417,五星商户,刺身,北海道毛蟹,香烤特选和牛,
黑门楽酒天,110777357,准五星商户,和牛寿喜锅,豚骨拉面,鳗鱼盖饭套餐,
鳗葉(瑞虹天地月亮湾店),98699829,准五星商户,名古屋鳗鱼三吃,鳗鱼盖饭,寿喜锅,
新都里无二 Shintori,18251916,准五星商户,鳗鱼饭,刺身拼盘,生牛肉,
串魂·酒趣,92839498,准五星商户,腐衣炸豆腐,炭烤厚切牛舌,烤串,
渔喜寿司(都市路店),26975974,五星商户,鹅肝握寿司,牛肉寿喜锅,三文鱼刺身,
鮨膳すしぜん日本料理,92512790,准五星商户,鹅肝寿司,三文鱼刺身,芝士焗蟹宝,
有喜屋深夜食堂(环宇荟店),102126289,准五星商户,厚切酱烤牛舌,鹅肝寿司,南蛮炸鸡块,
辻·和食料理,128061090,五星商户,海鲜饭,海鲜丼,寿喜锅,
平成屋(广西北路店),3511363,准五星商户,色拉虾仁,牛舌,芥末章鱼,
缘·烧肉酒场(打浦桥蒙自路店),4123082,准五星商户,特上牛舌,招牌壶渍牛小排,黄金赤身肉组合,
石亭,92748793,五星商户,翡翠鹅肝寿司,和牛寿喜锅,芒果炸虾卷,
寿司沼津港(虹桥天地店),113900089,准五星商户,鹅肝寿司,三文鱼,三文鱼寿司,
角屋北海道烧肉专门店(七宝店),82691009,准五星商户,招牌牛五花,鲜切羊肉双拼,盐烤薄切牛舌,
竹月亭,80619103,准五星商户,鳗鱼饭,刺身三拼,寿司拼盘,
寿司沼津港(凯德晶萃店),113899973,准五星商户,鹅肝寿司,谷饲牛肉富士山寿喜锅,招牌厚切牛舌,
旬鲜炭火烧肉·夜食·酒厂,69900005,准五星商户,牛肋条,刺身拼盘,松板肉,
千野创意料理,98152977,五星商户,鹅肝寿司,烤青花鱼,鳗鱼炒饭,
一味烧肉专门店(白玉兰广场店),127177582,准五星商户,腌罐肋条肉,上等牛小排,上等横隔膜,
Top House(仓场路店),110283009,准五星商户,雪花牛肉寿喜锅,暖暖天妇罗海鲜卷,三文鱼刺身,
平成屋(688广场店),110639082,准五星商户,牛舌,炸鸡,茄汁虾仁蛋包饭,
鸟屋居酒屋深夜食堂(程家桥支路店),69428802,准五星商户,黄油土豆,烤鸡心,鸡中翅,
一風堂拉面(新天地店),125892854,准五星商户,特制白丸,一风堂秘制炸鸡翼,博多一口饺子,
初代味藏(古北店),8646993,准五星商户,午市套餐,三文鱼刺身,大阪烧定食,
AJIYA别馆(浦东鸿街店),90108145,准五星商户,特等厚切牛舌,日式葱鲜鸡蛋饭,特选牛小排,
本匠·自慢料理,111987126,准五星商户,木盒海胆（小份）,刺身拼盘（10点）,木盒海胆（大份）,
烧肉同话(协信星光广场店),120028699,准五星商户,雪花牛肉,葱盐牛舌,三文鱼茶泡饭,
万火酒场,17821871,准五星商户,鹅肝酱配烤面包,黃油烤飯糰,牛排,
牛乐苑本格炭火烤肉,32666697,五星商户,厚切牛舌,飞鱼籽石锅饭,海鲜煎饼,
锦·日本料理,14191967,准五星商户,刺身拼盘,铁板鹅肝配鲜芦笋,铁板澳洲安格斯肉眼牛排配松茸酱,
前川寿司,2644510,五星商户,胡麻豆腐,金枪鱼,北海道海胆,
川齐燕·新料理(宝山体育馆店),102474931,准五星商户,寿喜锅,三文鱼腩刺身,芝士焗蟹宝,
极上喵の锅(松江万达店),129657052,五星商户,招牌套餐,火锅,暖心福袋,
北山之丘 The Top Teppanyaki,130645757,四星商户,铁板老虎虾,澳洲和牛,鳗鱼鹅肝,
极火酱烧(伊势丹百货店),100100929,四星商户,温泉蛋,极火盛合酱烧,满满肥牛酱烧,
名将法式铁板烧,110367045,五星商户,澳洲M9和牛,铁板烧,牛排,
Mo·Mo牧场(星游城店),14878841,准五星商户,寿喜锅,牛肩肉,牛五花肉,
大龍酒場,130774489,准五星商户,鹅肝寿司,寿喜锅,鸡软骨,
味藏旗舰店(虹桥仙霞路店),501343,准五星商户,大阪烧定食,鸡蛋章鱼小丸子,三文鱼刺身,
和岚味自慢(金山旗舰店),112623341,准五星商户,寿喜锅,招牌蒲烤活鳗,鳗鱼三吃,
恐鸟烧,112594430,准五星商户,烤蟹宝,串烤鸡软骨,串烤五花肉,
赤坂亭·M9和牛放题(松江万达广场店),18245413,准五星商户,黑椒牛舌,三文鱼刺身,焦糖布丁,
馔玉(SOHO复兴广场店),21787046,准五星商户,鹅肝寿司,厚切三文鱼,牛小排饭定食,
纹兵卫手打荞麦面日料(东南华庭店),98051268,五星商户,荞麦面,星鳗天妇罗冷荞麦面配太卷寿司,三文鱼刺身,
将·鳗鱼前辈(南京西路店),96714785,准五星商户,凤梨鳗鱼饭,炭烤活鳗和牛汉堡,鳗鱼蛋卷,
滨寿司(静安大融城店),107366455,准五星商户,鹅肝寿司,寿喜锅,三文鱼刺身,
渔喜寿司(莘朱路店),20946806,准五星商户,鹅肝火灸握寿司,牛肉寿喜锅,三文鱼握寿司,
剑持屋(宝山万达店),122601499,准五星商户,蒲烧鳗鱼饭定食,招牌关东煮,串烤安格斯牛肉,
海之宴海鲜自助(龙华店),111936978,四星商户,刺身拼盘大份,海胆刺身,蟹肉鲍鱼羹,
将太无二(合生汇店),45829550,准五星商户,三文鱼刺身,秋天的童话,无二牛肉火锅,
鮨怀石·藏雪,130732780,五星商户,雪华套餐,天妇罗,上寿司拼盘,
双子（ふたご）大阪烧肉FUTAGO(无限极荟购物广场店),70448843,准五星商户,烧肉拼盘,厚切牛舌,霜降牛肉片,
吾山大久·居酒屋(16铺谷蕃街店),127938476,准五星商户,鹅肝寿司,三文鱼刺身,难忘松板肉,
红花铁板烧,9033708,五星商户,牛肉,焗猛龙虾,香煎鹅肝,
小大志黑毛牛串居酒屋(中山公园店),99254191,准五星商户,特上牛舌,手工杏仁豆腐,特制火山烤肉块,
king大志烤肉黑毛牛专门店(中山公园店),114517152,准五星商户,特上脑肉,厚切牛舌,特上眼肉,
君之味居酒屋,129946344,准五星商户,三文鱼刺身,铁板松阪肉,牛肉泡菜锅,
烧烤者联盟日式炭烤,130157230,准五星商户,厚切牛舌,特选澳洲牛小排,松阪肉,
鸣神烧肉·寿喜锅,130516527,准五星商户,瓦罐牛肋条,肥牛寿喜锅,厚切牛舌,
虎丸烧肉(近铁广场店),100767384,准五星商户,牛舌,虎丸上等横膈膜,虎丸拼盘,
そば道·荞麦道日本料理,23516504,准五星商户,特制荞麦粒豆腐,黑咖喱荞麦面,鸭肉汤蘸汁荞麦面,
熹之味,6298545,准五星商户,厚切烤牛舌,三文鱼,双人寿喜锅,
林妈妈刺身寿司串烧(宝山万达店),23111380,准五星商户,三文鱼刺身,焗蟹宝,火炙寿司,
小铁君串烧居酒屋(银欣店),111599876,五星商户,鹌鹑溏心蛋,特上牛小排串,鸡汁萝卜,
大贺屋•高级烧肉日料放题,112249167,四星商户,刺身拼盘5拼,海胆,鳌虾,
霞料亭,18055721,准五星商户,鳗鱼饭定食,三文鱼肚腩,料理长特选刺身拼盘,
澤金拉面,76661478,准五星商户,招牌日式拉面,蒸蛋,土豆泥,
多番炭烤串烧居酒屋,114538159,准五星商户,牛舌,三文鱼三拼,寿喜锅,
日葵·大阪烧ひまり(浦东店),129235051,准五星商户,烤香葱蛋黄酱大阪烧,芝士鸡蛋卷,章鱼小丸子,
清水日本料理(仙乐斯广场店),13879098,准五星商户,甜虾,火炙三文鱼寿司,超大北极贝,
kuroba黑羽居酒屋(复兴SOHO店),93525862,准五星商户,寿喜锅,刺身拼盘,脆骨,
海之宴海鲜自助(久金广场店),66656003,准五星商户,刺身拼盘,活海胆,鳌虾,
秀寿司(七宝店),4732918,五星商户,芒果卷,炙三文鱼握寿司,京都鱼生饭,
とりくら鸟藏河豚料理(番禺路店),3006955,准五星商户,河豚鱼,河豚鱼纸火锅,水晶河豚薄片刺身,
小笠原家の私厨料理,5322099,准五星商户,鹅肝握寿司,焦糖三文鱼卷,刺身拼盘,
速喜太SushiTime日料食堂(君欣店),98849220,准五星商户,牛肉寿喜锅,炙烤鹅肝握,三文鱼刺身,
布袋日本料理(亿博店),112608491,准五星商户,澳洲肥牛寿喜锅,鹅肝牛油果卷,鹅肝寿司卷,
Hatsune 隐泉日式料理(迪士尼小镇店),59273375,准五星商户,蝴蝶卷,火警虾,刺身拼盘,
伊秀寿司(百盛优客天山店),6152684,准五星商户,鹅肝寿司,三文鱼寿司,三文鱼刺身,
竹若金枪鱼(香港广场店),98547386,准五星商户,刺身拼盘,芝士焗蟹宝,三文鱼,
MIYABI · 雅日本餐厅深夜厨房,126969240,准五星商户,刺身拼盘,火焰生蚝,牛排,
AJIYA炭火烧肉(幸福湾店),121887030,准五星商户,特选眼肉,特等厚切牛舌,特选牛小排,
鮨士道寿司(龙之梦购物中心虹口店),5533668,准五星商户,三文鱼,芥末章鱼,关东煮,
日和寿喜锅(金虹桥店),3294169,准五星商户,A5牛肉,寿喜烧,海胆,
猫府烧肉(南桥店),91606726,准五星商户,洋葱牛肉粒,神户火山牛肉片,玫瑰牛舌,
极火酱烧(长泰广场店),122855836,准五星商户,日式烧鸟丼饭,满满肥牛丼饭,极火盛合丼饭,
エビス参.戎参,3496786,准五星商户,煮牛筋,香炸鸡翅,五花肉酱油火锅,
琥家拉面(上海太古汇店),123751800,准五星商户,博多原味豚骨拉面,兰皇溏心蛋,博多赤豚骨拉面,
大志大阪烧肉(king大志古北店),110225977,准五星商户,特上脑肉,杏仁豆腐,特上腹肉,
寿司沼津港(无限极荟店),113899884,准五星商户,鹅肝寿司,厚切三文鱼腩刺身,招牌厚切牛舌,
拓食の馔(保利时光里店),93835979,准五星商户,综合刺身拼盘（梅）,和牛肉寿喜烧,烤牛舌,
哒优乃,93485728,准五星商户,牛肉寿喜锅风味茶泡饭,青花鱼套餐,溏心蛋,
林妈妈刺身寿司(共和新路店),22072153,准五星商户,火炙握寿司拼盘,三文鱼腩刺身,火焰三文鱼,
arashi岚匠·和牛日式烧肉,95116741,五星商户,和牛烤肉拼盘,五秒和牛西冷肉,和牛寿喜烧,
鳗鳗的爱(长风大悦城店),102141801,准五星商户,鳗先生的饭（精品鳗鱼饭）套餐,鳗小姐的饭,芝士烤鸡,
牛炎烧肉酒场夜食(静安店),78974517,准五星商户,厚切牛舌,牛小排,烤肉拼盘,
無廂日式烧肉(虹桥店),95522209,准五星商户,厚切牛舌,無厢牛小排,無厢隔膜肉,
鹤冈亭·炉端烧,4533758,准五星商户,牛肉寿喜锅,烤鳗鱼,赤身拼盘,
虎丸烧肉(新大陆广场店),43606310,准五星商户,上等牛小排,上等横隔膜,厚切特级牛舌,
阿福神ビリケン·日式烧肉,124761816,四星商户,烤肉酱牛小排,葱盐牛舌,壶渍牛肋条,
炭野烧肉酒场(万达广场店),110248429,五星商户,酱烧牛肋条,盐味松板猪,蒜香奶油鸡腿肉,
親不知日本料理,102105202,准五星商户,刺身拼盘五种,樱桃鹅肝,和牛寿喜锅,
APE Grill小猴烧肉丼,121520117,准五星商户,至尊全家福丼,小猴脆脆炸鸡块,鸡腿肉肥牛双拼丼,
柚子(南汇店),18477209,准五星商户,刺身拼盘,芝士烤大虾,雪蟹天妇罗,
银子日本料理铁板烧(人民广场店),13893348,四星商户,甜虾,厚切牛舌,海胆,
Moosan木桑水产(美罗城店),43597201,准五星商户,经典三文鱼波奇,双拼刺身,芥末章鱼,
嘻咩 〆 XIME,93975776,准五星商户,蛋包饭,菠菜酵母温泉蛋色拉,章鱼鸡蛋卷,
AORI神隐拉面(环球港店),112508831,四星商户,招牌AORI拉面,唐扬鸡块,手作煎饺,
荷裕猫叔·精致日料(金桥国际店),125765814,准五星商户,寿喜小锅,肥牛,蟹柳,
井上家(大兴街店),22396879,准五星商户,鳗鱼饭,大板烧,三文鱼,
とりくら鸟藏食堂河豚料理(静安寺店),79560436,准五星商户,河豚火锅,河豚鱼刺身,柠檬醋浸鱼皮丝,
KIKUCHI菊池烧肉,121457323,准五星商户,和牛上脑,和牛腹心肉,美味牛肋条,
小东樱烧肉,93633120,准五星商户,上等牛小排,调味牛舌,上等盐味牛舌,
龍一烧肉酒场,130966622,四星商户,奢华和牛三种拼盘,十五阶梯拼盘,鹅肝寿司,
寿司沼津港(新世界大丸百货店),22658108,准五星商户,鹅肝寿司,厚切三文鱼刺身（中份）,谷饲牛肉富士山寿喜锅,
朧 おぼろ OBORO,5655951,准五星商户,牛油果蔬菜沙拉,鲷鱼刺身,烤银鳕鱼,
鮨匠Artisan(漫游城店),112030786,准五星商户,三文鱼,鹅肝寿司,法式鹅肝,
晓千寻,125126616,准五星商户,极品牛小排,厚切牛舌,自家秘制蒜香烤肉酱,
藤幸烧肉(愚园路店),19663098,准五星商户,厚切牛舌,招牌上等三筋肉,名古屋鸡翅,
武藏野(环球港店),93300682,四星商户,武藏野油面,日式煎饺,炸猪排,
烧肉道场(瑞虹天地月亮湾店),73395958,准五星商户,m12和牛,M9牛肩小排,明太子牛肉泡饭,
民山居酒屋(新会路店),126627892,准五星商户,烤牛舌,鹅肝寿司,炸鸡软骨,
鸟炭居酒屋(崂山路店),110411170,准五星商户,芥末章鱼,串烧拼盘,铁板牛肉,
烧肉的炎太(艾尚天地店),97143045,准五星商户,炎太特选牛小排,京葱牛舌,香葱牛五花,
大焰日本料理,53302738,四星商户,甜虾,三文鱼,海胆,
极火酱烧(长宁来福士店),98954251,四星商户,极火盛合酱烧,满满肥牛酱烧,温泉蛋,
吉久田牛肉寿喜烧专门店(锦秋新天地店),80321282,准五星商户,三文鱼散寿司饭,寿喜锅,三文鱼鹅肝牛油果盖饭,
林妈妈刺身寿司串烧(静安大融城店),108224111,准五星商户,三文鱼鱼腩刺身,火炙握寿司拼盘,香煎鹅肝,
三人の深夜食堂(曹路店),102291941,准五星商户,牛舌串烧,三文鱼刺身,炸鸡块,
伊藤新苑日本料理·烧肉(人民广场店),68170963,四星商户,自牡丹虾刺身,上等牛舌,单烤鳕鱼,
NIKU29 日式炭火烧肉,32636343,准五星商户,牛肉拼盘,牛小排,海鲜饼,
旬鲜炭火烧肉·夜食·酒厂,120099340,准五星商户,烤活鳗,铁板牛舌,刺身拼盘,
九州场(凯德星贸店),128565274,准五星商户,牛舌,虾仁蛋包饭,特色炸鸡块,
锦至日本料理(吴泾宝龙店),91961694,准五星商户,刺身拼盘,鹅肝寿司,一品牛肉,
赤坂舞马雅(静安寺店),5567936,准五星商户,杏仁豆腐,三文鱼刺身,南蛮鸡,
廣屋(金虹桥店),97243832,准五星商户,鹅肝寿司,京都豆乳火锅,温泉蛋凯撒色拉,
稻忠,66226373,五星商户,鹅肝加面包,西冷牛排,白菜沙拉,
缘·烧肉酒场(丹巴路苏宁天御店),67622595,五星商户,壶渍牛小排肉,极上牛舌,5A梦幻坛子肉,
三町目居酒屋(人民广场店),114808720,准五星商户,日式寿喜锅,烤牛舌,串烤京葱鸡肉,
多伦多海鲜自助餐厅(莘庄龙之梦购物中心店),24070957,四星商户,哈根达斯冰激凌,包片皮鸭,烤生蚝,
井上家,90369868,准五星商户,鳗鱼饭,三文鱼,大块煮牛舌,
源季日本料理,79415821,四星商户,刺身拼盘,三文鱼北极贝刺身,鹅肝寿司,
喀布狸·日本料理,108766420,五星商户,三文鱼牛油果卷,牛肉寿喜锅,鹅肝,
赤坂亭·M9和牛放题(九亭店),9859279,四星商户,黑毛厚切牛舌,菲力牛排,焦糖布丁,
烧肉壹奖(新虹桥商厦店),90411579,准五星商户,烤肉拼盘,牛小排,特上厚切牛舌,
角屋北海道烧肉专门店(月星环球港店),103639417,四星商户,招牌北海道成吉思汗羊排,盐烤薄切牛舌,招牌牛五花,
角屋北海道烧肉专门店(日月光店),97421721,四星商户,招牌牛五花,北海道成吉思汗羊排双拼,盐烤薄切牛舌,
鲑觅日本料理Shake Kakei(日月光中心广场店),68176897,准五星商户,铁板厚煎牛舌,鲑觅卷,三文鱼刺身,
银子日本料理铁板烧海鲜自助餐(龙柏店),4733116,四星商户,三文鱼,烤虾,烤味曾鳕鱼单点,
乾杯烧肉居酒屋(港汇店),127809416,四星商户,乾杯招牌烧肉组合,盐葱牛舌,澳洲和牛上等牛五花,
真田食堂(长宁店),96150070,准五星商户,土豆饼,北海道炸鸡,出汁蛋卷,
伊藤新苑日本料理·烧肉(古北店),500836,准五星商户,精品牛舌,烤带骨牛小排,甜虾,
花栖日本料理,98259188,准五星商户,蟹斗,三文鱼刺身,芝士焗烤蟹宝,
千艾寿司·居酒屋(南京东路店),6600317,准五星商户,鹅肝握寿司,黄金搭档,三文鱼刺身,
名代宇奈备长炭烧鳗鱼居酒屋,130307928,四星商户,双层鳗鱼重,鳗鱼饭,温泉蛋,
德兵衛精致料理(文峰广场店),131666142,准五星商户,日式牛肉火锅,厚切牛舌,鹅肝寿司,
鮨隐·笑鱼,5422403,准五星商户,会席鳗鱼饭,刺身,金枪鱼大脂,
月岛屋大阪烧(汇腾广场店),98064161,准五星商户,月岛特制大阪烧,芝士年糕文字烧,日式炒面,
哥哥の深夜食堂(东海岸店),90911754,准五星商户,鹅肝寿司,烤牛舌,牛肉,
笑纳日本料理(嘉定大融城店),76669415,准五星商户,三文鱼刺身,招牌厚切牛舌,澳洲牛肉寿喜锅,
角屋北海道烧肉专门店(百联中环店),97874214,准五星商户,招牌牛五花,北海道成吉思汗羊排双拼,盐烤薄切牛舌,
栗原家の日本料理串焼専門店,101518559,准五星商户,烤法式鹅肝,牛肉寿喜锅一人份,招牌鹅肝寿司,
鸟心(中山公园龙之梦店),122063283,四星商户,炸鸡翅,牛肉寿喜锅,碳烤牛舌,
彩真活鱼寿司生蚝(静安店),19617162,准五星商户,人气鹅肝萝卜,筑地活平目鱼刺身,甜虾,
火の用心炭烧居酒屋,63991019,四星商户,烤牛舌,牛油果卷,烧鸟拼盘,
和 日式料理,67278613,准五星商户,刺身拼盘,铁板澳洲和牛M6牛里脊,鹅肝,
鲜道铁板烧(百联南桥购物中心店),22689514,五星商户,那不勒斯盐烤大虾,雪花牛小排,柠汁鳕鱼,
令和日本料理,131319679,准五星商户,刺身拼盘,超新鲜鳌虾,铁板香煎鹅肝,
小铁君串烧居酒屋(田尚坊店),97547435,准五星商户,鹌鹑溏心蛋,特上牛小排串,薄切牛舌串,
静冈勝政日式猪排(金光绿庭旗舰店),20881138,准五星商户,黑豚TORO里脊,燕麦饭配山药泥,黑豚厚切里脊猪排,
海山铁板烧,76661542,准五星商户,特选黑毛牛肉粒,鱼子芥末大虾,铁板烧,
滢一日本料理,129437589,准五星商户,特选澳洲牛肉雪花寿喜锅,刺身,烤物,
柚子(七宝大华虹桥假日店),93453358,准五星商户,刺身拼盘,海胆,雪蟹脚,
牛吞炭火烧肉,72356272,准五星商户,厚切牛舌,牛小排,海鲜饼,
鮨士道(美罗城店),6384113,准五星商户,三文鱼,甜虾寿司,鳗鱼寿司,
叮丼(浦东嘉里城店),111518561,准五星商户,牛肉鳕鱼丼套餐,火山肥牛丼,冰激凌,
串兵卫居酒屋(金桥国际店),129825831,准五星商户,烤串拼盘,刺身三拼,日式鸡蛋卷,
鱼馔(1933老场房店),114875110,四星商户,黑胡椒铁板牛眼肉,烤串拼盘,寿喜锅,
滨寿司(南翔店),131727530,准五星商户,火炙芝士三文鱼寿司,鹅肝,三文鱼刺身,
和花园W garden精致料理(虹梅路店),21936514,准五星商户,刺身,鳌虾,海胆,
小铁君串烧居酒屋(物华路店),91854492,准五星商户,特上牛小排串,薄切牛舌,鹌鹑溏心蛋,
旨料亭精致料理(月星环球港店),129205589,四星商户,红酒鹅肝,刺身三拼,海胆,
寿司沼津港(大学路店),97496216,准五星商户,鹅肝寿司,厚切三文鱼腩刺身,谷饲牛肉富士山寿喜锅,
伊秀寿司(百联西郊购物中心店),5318563,准五星商户,鹅肝寿司,三文鱼寿司,三文鱼刺身,
鲜丼.日式馄饨(长寿路店),93359585,准五星商户,精致寿喜锅团购,滑香潮鯛餛飩,火炙三文魚丼飯,
空蝉怀石料理(益丰•外滩源店),8736993,四星商户,海胆啫喱,抹茶金枪鱼,日式烧汁焗生蚝,
廣屋(武夷路店),21606663,准五星商户,京都豆乳火锅,三文鱼刺身,杏仁豆腐,
寿司沼津港(凯德星贸店),93825977,准五星商户,鹅肝寿司,厚切三文鱼腩刺身,谷饲牛肉富士山寿喜锅,
伊秀寿司(七宝万科广场店),69926863,准五星商户,鹅肝寿司,三文鱼刺身,刺身拼盘,
九久超极烧肉(淮海路店),131420246,准五星商户,和牛烧肉拼盘四种,厚切三文鱼,寿喜锅,
Poke Lab(东昌路店),98717320,准五星商户,男朋友poke,高等三文鱼Salmon,海洋之美poke bowl,
山久,93071374,准五星商户,三文鱼腩,鹅肝海鲜盖饭,红酒鹅肝,
客福樂屋(金虹桥国际中心店),76874406,准五星商户,烤串,招牌豚骨拉面,名古屋炸鸡翅,
银座苑烧肉酒场,79626551,四星商户,烤鳗鱼,五花肉,石锅拌饭,
竹若金枪鱼(中信泰富广场店),32333464,准五星商户,刺身拼盘,三文鱼,特大甜虾,
吉楽丸烧肉·深夜酒馆,122497249,准五星商户,极上厚切牛舌,生拌牛肉,特级西冷A5,
香家日本料理KAORIYA,96321848,五星商户,寿喜锅,奶油芝士蟹宝,盐烤牛舌,
小句号日本料理(嘉定中信万达店),113138676,准五星商户,超好吃的双拼鳗鱼饭,鹅肝寿司,法罗三文鱼刺身,
乐座炉端烧肉居酒屋,101901814,准五星商户,招牌墨鱼肠,九宫格拼盘,樱花味荔枝气泡水,
伊秀寿司(吴江路店),4272562,准五星商户,鹅肝寿司,牛油果土豆沙拉,三文鱼寿司,
海钓居酒屋,97892104,准五星商户,刺身,鰤鱼煎饺,芥末章鱼,
月神烧肉,130129000,准五星商户,步步高升全牛盛宴,厚切牛タン,厚切三文鱼刺身,
牛炎烧肉酒场夜食(新会路店),112158086,四星商户,厚切牛舌,和牛小排,三文鱼刺身,
新樱日本料理,4515041,准五星商户,综合刺身拼盘（活海胆季）,盐烤鲑鱼头定食,烤虾,
叁文字烧(金虹桥国际中心店),81263308,准五星商户,特色综合文字烧,厚切牛舌,烤黄油年糕,
滨寿司(旭辉商业广场店),67630964,准五星商户,鹅肝寿司,寿喜锅,三文鱼刺身,
家康居酒屋,14725550,准五星商户,辣味噌蘸面,味噌つけ麺,肝酱面包,
鸟炭居酒屋(陆家嘴店),90454407,准五星商户,铁板小牛肉,三文鱼刺身,刺身拼盘,
串龍日式串燒居酒屋,98803509,准五星商户,柚子醋鸡皮,黄油蛤蜊,鸡肝,
A SUSHI 欧风寿司(芮欧百货店),95977590,准五星商户,A SUSHI的头牌,招牌鳗鱼饭,招牌鳗鱼牛油果厚卷,
有喜屋深夜食堂(延安西路店),8062836,准五星商户,厚切酱烤牛舌,菠菜培根沙拉,南蛮炸鸡块,
兎に角TONIKAKU(星空店),93658178,准五星商户,海胆鱼籽Dong,大竹荚鱼寿司,雪蟹蒸蛋,
明仁屋日料,132455276,四星商户,相扑火锅,鳗鱼饭套餐,炸鸡块,
烧肉火伴NAKAMA,125022223,准五星商户,炭烤厚切牛舌,鹅肝牛舌鱼籽拌饭,草饲安格斯和牛A10,
牛尖角创意烧肉(我格广场店),18421600,准五星商户,精品牛舌,牛尖角拼盘,秘制罐腌牛小排,
MOLI烧肉(保利时光店),96737681,四星商户,特选牛小排,特选后切牛舌,烤肉拼盤,
九井泽精致料理(金茂店),93205227,四星商户,海胆刺身,牡丹虾,厚切牛舌,
三人の深夜食堂(杨浦店),125173060,四星商户,寿喜锅,三文鱼刺身,焗蟹宝,
椿町日本料理居酒屋,108148735,准五星商户,秘制烤牛舌,蟹宝,寿喜锅,
座頭市居酒屋(96广场店),58825631,准五星商户,串烤牛舌,炸鸡块,烤金枪鱼下巴,
烧肉的炎太(顾村公园店),99179734,准五星商户,精选和牛牛小排,厚切牛舌,猪五花肉,
心一筋燒肉·丼饭,21008930,准五星商户,厚切牛舌,梦幻和牛牛小排,鸭肝小排,
Top House(七宝宝龙旗舰店),131554146,四星商户,牛肉寿喜锅,厚切三文鱼,暖暖天妇罗海鲜卷,
八界日本料理(世纪公园店),99779641,四星商户,牡丹虾刺身,浓汤花胶海参,刺身拼盘,
